sector,stage1,stage2,stage3,stockName,stockCode
건설용 ,부품,,,"진성티이씨, 동일금속, 대창단조, 디와이파워, 흥국, 프리엠스","진성티이씨 (036890), 동일금속 (109860), 대창단조 (015230), 디와이파워 (210540), 흥국 (010240), 프리엠스 (053160)"
건설용 ,장비,,,"두산밥캣, 두산에너빌리티, HD현대인프라코어, HD현대건설기계, 수산종공업, 현대에버다임, 대모, 스페코, 수성웹툰, 전진건설로봇","두산밥캣 (241560), 두산에너빌리티 (034020), HD현대인프라코어 (042670), HD현대건설기계 (267270), 수산종공업, 현대에버다임 (041440), 대모 (317850), 스페코 (013810), 수성웹툰 (084180), 전진건설로봇 (079900)"
건설용 ,유통,,,혜인,혜인 (003010)
산업용 ,기계,,,"DN오토모티브, 삼익THK, 에이비프로바이오, 스맥, 화천기계, 모델솔루션, 화천기공, 대성하이텍, 무진플라임, 협진, 넥스턴바이오,에이치케이, 한국정밀기계","DN오토모티브 (007340), 삼익THK (004380), 에이비프로바이오 (195990), 스맥 (099440), 화천기계 (010660), 모델솔루션 (417970), 화천기공 (000850), 대성하이텍 (129920), 무진플라임, 협진 (138360), 넥스턴바이오, 에이치케이 (044780), 한국정밀기계 (101680)"
산업용 ,철도,,,"현대로템, 대아티아이, 다원시스, 중앙첨단소재","현대로템 (064350), 대아티아이 (045390), 다원시스 (068240), 중앙첨단소재 (051980)"
산업용 ,농기계,,,"TYM, 대동, 아세아텍","TYM (002900), 대동 (000490), 아세아텍 (050860)"
산업용 ,소방 설비,,,파라텍,파라텍 (033540)
산업용 ,엘리베이터,,,현대엘리베이터,현대엘리베이터 (017800)
방위산업,,,,"한화에어로스페이스, 한국항공우주, LIG넥스원, 한화시스템, 아이쓰리시스템, 아스트, 이노스페이스, 켄코아에어로스페이스, 퍼스텍, 빅텍, 컨텍, 휴니드, 제노코,기산텔레콤, 코츠테크놀로지, 이엠코리아, 하이즈항공, 웨이비스, 루미르, 한화인더스트리얼솔루션즈, RF시스템즈","한화에어로스페이스 (012450), 한국항공우주 (047810), LIG넥스원 (079550), 한화시스템 (272210), 아이쓰리시스템 (214430), 아스트 (067390), 이노스페이스 (462350), 켄코아에어로스페이스 (274090), 퍼스텍 (010820), 빅텍 (065450), 컨텍 (451760), 휴니드 (005870), 제노코 (361390), 기산텔레콤 (035460), 코츠테크놀로지 (448710), 이엠코리아 (095190), 하이즈항공 (221840), 웨이비스 (289930), 루미르 (474170), 한화인더스트리얼솔루션즈, RF시스템즈 (474610)"
자동화,스마트팩토리,,,"포스코DX, 에스에프에이, 디와이피엔에프, 현대무벡스, 톱텍, 유일로보틱스, 에스엠코어, 에스피시스템스, TPC, 제니스","포스코DX (022100), 에스에프에이 (056190), 디와이피엔에프 (104460), 현대무벡스 (319400), 톱텍 (108230), 유일로보틱스 (388720), 에스엠코어 (007820), 에스피시스템스 (317830), TPC (048770), 제니스"
자동화,로봇,,,"두산로보틱스, 레인보우로보틱스, 휴림로봇, 씨피시스템, 로보티즈, 로보스타, 유진로봇, 알에스오토메이션, 피앤메스미캐닉스, 뉴로메카, 티로보틱스, 엔젤로보틱스, 케이엔알시스템, 씨메스, 클로봇","두산로보틱스 (454910), 레인보우로보틱스 (277810), 휴림로봇 (090710), 씨피시스템 (413630), 로보티즈 (108490), 로보스타 (090360), 유진로봇 (056080), 알에스오토메이션 (140670), 피앤메스미캐닉스, 뉴로메카 (348340), 티로보틱스 (117730), 엔젤로보틱스 (455900), 케이엔알시스템 (199430), 씨메스 (475400), 클로봇 (466100)"
자동화,로봇,감속기,,"에스피지, 하이젠알앤엠, 에스비비테크, 해성에어로보틱스","에스피지 (058610), 하이젠알앤엠 (160190), 에스비비테크 (389500), 해성에어로보틱스 (059270)"
부품,,,,"염풍정밀, 와이지-원, 우진, 한신기계, 코메론, 케이피에프, 티에스넥스젠, 제일연마, 기신정기, 우림피티에스, 부스타, 대동기어, 에이테크솔루션, 대창솔루션, 신진에스엠, 에너토크, 유진테크놀로지, 서암기계공업","염풍정밀, 와이지-원 (019210), 우진 (105840), 한신기계 (011700), 코메론 (049430), 케이피에프 (024880), 티에스넥스젠 (043220), 제일연마 (001560), 기신정기 (092440), 우림피티에스 (101170), 부스타 (008470), 대동기어 (008830), 에이테크솔루션 (071670), 대창솔루션 (096350), 신진에스엠 (138070), 에너토크 (019990), 유진테크놀로지 (240600), 서암기계공업 (100660)"
부품,관 이음쇠,,,"태광, 비엠티, 하이록코리아, 성광번드, 디케이락, 한선엔지니어링","태광 (023160), 비엠티 (086670), 하이록코리아 (013030), 성광번드, 디케이락 (105740), 한선엔지니어링 (452280)"
부품,밸브,,,"화성밸브, 에썬테크, 포메탈, 스톰테크","화성밸브 (039610), 에썬테크, 포메탈 (119500), 스톰테크 (352090)"
웨이퍼 연마 ,,,,"케이씨텍,솔브레인","케이씨텍 (281820), 솔브레인 (357780)"
세정,과산화수소 ,,,한솔케미칼,한솔케미칼 (014680)
포토 ,펠리클,,,에프에스티,에프에스티 (036810)
포토 ,마스크,,,에스앤에스텍,에스앤에스텍 (101490)
포토 ,케미컬,,,"동진쎄미켐, 이엔에프테크놀로지, 와이씨켐, 퓨릿","동진쎄미켐 (005290), 이엔에프테크놀로지 (102710), 와이씨켐 (112290), 퓨릿 (445180)"
식각,쿼츠,,,"원익QnC, 비씨엔씨","원익QnC (074600), 비씨엔씨 (146320)"
식각,링,,,"티씨케이, 하나머티리얼즈, 월덱스, 케이엔제이","티씨케이 (064760), 하나머티리얼즈 (166090), 월덱스 (101160), 케이엔제이 (272110)"
식각,케미컬,,,"솔브레인, 램테크놀러지, 이엔에프테크놀로지","솔브레인 (357780), 램테크놀러지 (171010), 이엔에프테크놀로지 (102710)"
증착,전구체,,,"레이크머티리얼즈, 디엔에프, 메카로, 제이아이테크","레이크머티리얼즈 (281740), 디엔에프 (092070), 메카로 (241770), 제이아이테크 (417500)"
증착,케미컬,,,"한솔케마칼, 이엔에프테크놀로지, 램테크놀러지","한솔케마칼, 이엔에프테크놀로지 (102710), 램테크놀러지 (171010)"
테스트 ,세라믹,,,샘씨엔에스,샘씨엔에스 (252990)
테스트 ,프로브 카드,,,"피엠티, 테에스이, 마이크로투나노","피엠티 (147760), 테에스이, 마이크로투나노 (424980)"
테스트 ,소켓,,,"리노공업, 마이크로컨텍솔, ISC, 오킨스전자, 메가터치","리노공업 (058470), 마이크로컨텍솔 (098120), ISC (095340), 오킨스전자 (080580), 메가터치 (446540)"
패키징,와이어,,,엠케이전자,엠케이전자 (033160)
패키징,솔더블,,,"덕산하이메탈, 비케이홀딩스","덕산하이메탈 (077360), 비케이홀딩스 (050090)"
패키징,리드 프레임,,,"해성디에스, HLB이노베이션","해성디에스 (195870), HLB이노베이션 (024850)"
기타,필터,,,"젬백스,에코프로에이치엔","젬백스 (082270), 에코프로에이치엔 (383310)"
기타,부품 소재,,,"아스플로, KX하이텍, 그린리소스","아스플로 (159010), KX하이텍 (052900), 그린리소스 (402490)"
기타,특수 가스 ,,,"원익머트리얼즈, 후성, 케이엔더블유, 티이엠씨","원익머트리얼즈 (104830), 후성 (093370), 케이엔더블유 (105330), 티이엠씨 (425040)"
열처리,,,,HPSP,HPSP (403870)
현상,,,,"더코디,워트","더코디 (224060), 워트 (396470)"
식각,,,,"피에스케이, 브이엠","피에스케이 (319660), 브이엠 (089970)"
세정,,,,"코미코, 미코, 제우스, 한솔아이원스, 아이엠티","코미코 (183300), 미코 (059090), 제우스 (079370), 한솔아이원스 (114810), 아이엠티 (451220)"
증착,,,,"원익IPS, 주성엔지니어링, 유진테크, 테스, 뉴파워프라즈마, 지오엘리먼트","원익IPS (240810), 주성엔지니어링 (036930), 유진테크 (084370), 테스 (095610), 뉴파워프라즈마 (144960), 지오엘리먼트 (311320)"
패키징,,,,"한미반도체, 아이원플러스, 프로텍, 레이저쎌, 다원넥스뷰","한미반도체 (042700), 아이원플러스, 프로텍 (053610), 레이저쎌 (412350), 다원넥스뷰 (323350)"
검사,,,,"넥스틴, 유니테스트, 와이씨, 테크윙, 기가비스, 인텍플러스, 디아이, 네온테크, 네오셈, 엑시콘, 티에프이, 제이티, 제너셈, 성우테크론, 미래산업","넥스틴 (348210), 유니테스트 (086390), 와이씨 (232140), 테크윙 (089030), 기가비스 (420770), 인텍플러스 (064290), 디아이 (003160), 네온테크 (306620), 네오셈 (253590), 엑시콘 (092870), 티에프이 (425420), 제이티 (089790), 제너셈 (217190), 성우테크론 (045300), 미래산업 (025560)"
설비,,,,"한양이엔지, 신성이엔지, 케이씨, 케이앤솔, 세보엠이씨, 엑사이엔씨","한양이엔지 (045100), 신성이엔지 (011930), 케이씨 (029460), 케이앤솔, 세보엠이씨 (011560), 엑사이엔씨 (054940)"
기타 ,진공,,,"엘오티베큠, 제이엔비","엘오티베큠 (083310), 제이엔비 (452160)"
기타 ,레이저,,,"이오테크닉스, 코세스","이오테크닉스 (039030), 코세스 (089890)"
기타 ,장비 중고 매매,,,"서플러스글로벌, 러셀","서플러스글로벌 (140070), 러셀 (217500)"
기타 ,계측,,,"오로스테크놀로지, 파크시스템스","오로스테크놀로지 (322310), 파크시스템스 (140860)"
기타 ,자동화,,,"에스티아이, 리온테크, 씨엔지하이테크, 로체시스템즈, 싸이맥스, 티이엠씨씨앤에스, 아진엑스텍","에스티아이 (039440), 리온테크, 씨엔지하이테크, 로체시스템즈 (071280), 싸이맥스 (160980), 티이엠씨씨앤에스, 아진엑스텍 (059120)"
기타 ,"스크러버, 칠러",,,"에프에스티, 유니셈, GST, 지앤비에스 에코","에프에스티 (036810), 유니셈 (036200), GST (083450), 지앤비에스 에코 (382800)"
기타 ,기타 ,,,"한양디지텍, 드텍, 3S, 제이스텍, 저스템, 이엘씨","한양디지텍 (078350), 드텍, 3S (060310), 제이스텍 (090470), 저스템 (417840), 이엘씨 (041520)"
IDM,,,,"삼성전자, SK하이닉스","삼성전자 (005930), SK하이닉스 (000660)"
설계 ,팹리스,DDI,,"LX세미콘, 아나패스, 엘디티, 웰컵스하이텍, 사피엔반도체","LX세미콘 (108320), 아나패스 (123860), 엘디티 (096870), 웰컵스하이텍, 사피엔반도체 (452430)"
설계 ,팹리스,센서 ,,"오디텍, 픽셀플러스, 이미지스, 지니틱스","오디텍 (080520), 픽셀플러스 (087600), 이미지스 (115610), 지니틱스 (303030)"
설계 ,팹리스,IP 벤더 ,,"칩스앤미디어, 오픈엣지테크놀로지, 퀄리타스반도체","칩스앤미디어 (094360), 오픈엣지테크놀로지 (394280), 퀄리타스반도체 (432720)"
설계 ,팹리스,차량,,"텔레칩스, 앤씨앤, 넥스트칩","텔레칩스 (054450), 앤씨앤 (092600), 넥스트칩 (396270)"
설계 ,팹리스,메모리,,"제주반도체, 피델릭스","제주반도체 (080220), 피델릭스 (032580)"
설계 ,팹리스,AF 드라이버 ,,동운아나텍,동운아나텍 (094170)
설계 ,팹리스,MCU,,어보브반도체,어보브반도체 (102120)
설계 ,팹리스,디스플레이,,라온텍,라온텍 (418420)
설계 ,팹리스,AP IC,,케이알엠,케이알엠 (093640)
설계 ,팹리스,통신,,"아이엔씨, 아이언디바이스","아이엔씨, 아이언디바이스 (464500)"
설계 ,디자인하우스,,,"에이디테크놀로지, 가온칩스, 에이직랜드","에이디테크놀로지 (200710), 가온칩스 (399720), 에이직랜드 (445090)"
제조,파운드리,,,DB하이텍,DB하이텍 (000990)
제조,OSAT,테스트,메모리,"에이팩트, 원팩","에이팩트 (200470), 원팩"
제조,OSAT,테스트,비메모리,"하나마이크론, 두산테스나, 네패스아크, 아이비, 큐알티, 에이엘티","하나마이크론 (067310), 두산테스나 (131970), 네패스아크 (330860), 아이비, 큐알티 (405100), 에이엘티 (172670)"
제조,OSAT,패키징,,"네패스, LB세미콘, 하나마이크콘, 시그네틱스, 아이원플러스, LB루셈, SFA반도체, 테크엘","네패스 (033640), LB세미콘 (061970), 하나마이크콘, 시그네틱스 (033170), 아이원플러스, LB루셈, SFA반도체 (036540), 테크엘 (064520)"
유통 ,,,,"KEC, 유니퀘스트, 유니트론텍, 매커스, 미래반도체, 파두","KEC (092220), 유니퀘스트 (077500), 유니트론텍 (142210), 매커스 (093520), 미래반도체 (254490), 파두 (440110)"
발전,운영,,,"한국전력, 지역난방공사, SGC에너지","한국전력 (015760), 지역난방공사 (071320), SGC에너지 (005090)"
발전,원자력,,,"한전기술, 오르비텍, 우리기술","한전기술 (052690), 오르비텍 (046120), 우리기술 (032820)"
발전,태양광,,,"한화솔루션, OCI, HD현대에너지솔루션, SDN, 에스에너지, 캐리, 파루","한화솔루션 (009830), OCI (456040), HD현대에너지솔루션 (322000), SDN (099220), 에스에너지 (095910), 캐리 (313760), 파루 (043200)"
발전,풍력,플랜트,,"SK오션플랜트, 대명에너지, 유니슨, DGP","SK오션플랜트 (100090), 대명에너지 (389260), 유니슨 (018000), DGP"
발전,풍력,부품,,"씨에스윈드, 동국5&C, 씨에스베어링, 태웅","씨에스윈드 (112610), 동국5&C, 씨에스베어링 (297090), 태웅 (044490)"
발전,기자재,,,"비에이치아이, 삼영엠텍, 에어레인","비에이치아이 (083650), 삼영엠텍 (054540), 에어레인 (163280)"
발전,바이오,,,"제이씨케미칼, 지오릿에너지, 에코바이오, 에스아이리소스, DS단석","제이씨케미칼 (137950), 지오릿에너지, 에코바이오 (038870), 에스아이리소스 (065420), DS단석 (017860)"
발전,"정비, 관리 ",,,"한전KPS, 한전산업, 수산인더스트리, 일진파워, 금화피에스시, 우진엔텍","한전KPS (051600), 한전산업 (130660), 수산인더스트리 (126720), 일진파워 (094820), 금화피에스시 (036190), 우진엔텍 (457550)"
전기,기자재,가정용,,제일일렉트릭,제일일렉트릭 (199820)
전기,기자재,철 구조물,,보성파워텍,보성파워텍 (006910)
전기,기자재,비상 발전기,,지엔씨에너지,지엔씨에너지 (119850)
전기,기자재,금구류,,"제룡산업, 세명전기","제룡산업 (147830), 세명전기 (017510)"
전기,기자재,계량기 ,,"피에스텍, 누리플렉스, 옴니시스템","피에스텍 (002230), 누리플렉스 (040160), 옴니시스템 (057540)"
전기,기자재,전선,,"대한전선, 일진전기, 가온전선, LS에코에너지, 대원전선, 서남","대한전선 (001440), 일진전기 (103590), 가온전선 (000500), LS에코에너지 (229640), 대원전선 (006340), 서남 (294630)"
전기,송수배전,,,"LS ELECTRIC, HD헌대일렉토리, 효성중공업, 산일전기, 제룡전기, 광명전기, 서전기전, 지투파워, 피앤씨데크","LS ELECTRIC (010120), HD헌대일렉토리, 효성중공업 (298040), 산일전기 (062040), 제룡전기 (033100), 광명전기 (017040), 서전기전 (189860), 지투파워 (388050), 피앤씨데크"
전기,저장장치,,,"두산퓨얼셀, 비츠로셀 , 비츠로테크, 서진시스템 , 범한퓨얼셀, 에스퓨얼셀","두산퓨얼셀 (336260), 비츠로셀 (082920), 비츠로테크 (042370), 서진시스템 (178320), 범한퓨얼셀 (382900), 에스퓨얼셀 (288620)"
전기,유틸리티,,,그리드위즈,그리드위즈 (453450)
가스,도시가스,,,"한국가스공사, 예스코홀딩스, 대성에너지, 지에스이, 서울가스, 경동도시가스 , 인천도시가스, 삼천리","한국가스공사 (036460), 예스코홀딩스, 대성에너지 (117580), 지에스이 (053050), 서울가스 (017390), 경동도시가스 (267290), 인천도시가스 (034590), 삼천리 (004690)"
가스,LPG,,,"SK가스, E1","SK가스 (018670), E1 (017940)"
모듈,,,,"현대모비스, 현대위아","현대모비스 (012330), 현대위아 (011210)"
보디 ,헤드램프,,,"에스엠, 에코볼트","에스엠 (041510), 에코볼트 (097780)"
보디 ,고무,,,"DRB동일, 동일고무벨트, 평화산업, 화승코퍼레이션, 화승알앤에이, 동아화성","DRB동일 (004840), 동일고무벨트 (163560), 평화산업 (090080), 화승코퍼레이션 (013520), 화승알앤에이 (378850), 동아화성 (041930)"
보디 ,차체,,,"명신산업, 성우하이텍, 서연이화, 엠에스오토텍, 피에이치에이, 아진산업, 에코플라스틱, 삼보모터스, 세원몰산, 네오티스, 동원금속, 우신시스템, 일지테크, 세동, 세원정공","명신산업 (009900), 성우하이텍 (015750), 서연이화 (200880), 엠에스오토텍 (123040), 피에이치에이 (043370), 아진산업 (013310), 에코플라스틱 (038110), 삼보모터스 (053700), 세원몰산, 네오티스 (085910), 동원금속 (018500), 우신시스템 (017370), 일지테크 (019540), 세동 (053060), 세원정공 (021820)"
보디 ,시트,,,"이원컴포텍, 대원산업, 현대공업, 계양전기, SG글로벌, 일정실업, 대유에이텍, 아이원, SG&G, 두올","이원컴포텍 (088290), 대원산업 (005710), 현대공업 (170030), 계양전기 (012200), SG글로벌 (001380), 일정실업 (008500), 대유에이텍 (002880), 아이원, SG&G (040610), 두올 (016740)"
보디 ,내외장재,,,"엔브이에이치코리아, 케이비아이동국실업, 한국큐빅, 삼영무역, 휴림에이텍, 덕양산업, BGF에코머티리얼즈, HDC현대EP, GH신소재","엔브이에이치코리아 (067570), 케이비아이동국실업 (001620), 한국큐빅 (021650), 삼영무역 (002810), 휴림에이텍 (078590), 덕양산업, BGF에코머티리얼즈 (126600), HDC현대EP (089470), GH신소재 (130500)"
섀시,"타이어, 휠",,,"한국타이어앤테크놀로지, 넥센타이어, 금호타이어, 다이나믹디자인, 핸즈코퍼레이션","한국타이어앤테크놀로지 (161390), 넥센타이어 (002350), 금호타이어 (073240), 다이나믹디자인 (145210), 핸즈코퍼레이션 (143210)"
섀시,엔진,,,"SNT모티브, 모토닉, 유니테크노, 인지컨트를스, 유라테크, 에스엠벡셀, 유성기업, 동양피스톤, CBI, 태원물산, 캐스텍코리아, 대동금속, 한주라이트메탈","SNT모티브 (064960), 모토닉 (009680), 유니테크노 (241690), 인지컨트를스, 유라테크 (048430), 에스엠벡셀 (010580), 유성기업 (002920), 동양피스톤, CBI, 태원물산 (001420), 캐스텍코리아 (071850), 대동금속 (020400), 한주라이트메탈 (198940)"
섀시,동력 전달 장치,,,"SNT다이내믹스, 디아이씨, 한일단조, 유니크, 지엠비코리아, 한국무브넥스, 삼기, 경창산업, 체시스, 네오오토, 디와이씨, 서진오토모티브, 오리엔트정공, 씨티알모빌리티","SNT다이내믹스 (003570), 디아이씨 (092200), 한일단조 (024740), 유니크 (011320), 지엠비코리아 (013870), 한국무브넥스 (010100), 삼기 (122350), 경창산업 (024910), 체시스 (033250), 네오오토 (212560), 디와이씨 (310870), 서진오토모티브 (122690), 오리엔트정공 (065500), 씨티알모빌리티 (308170)"
섀시,"조향, 제동, 현가 장치",,,"HL만도, 우수AMS, 오스템, KB오토시스, 새론오토모티브, 화신, 상신브레이크, 화신정공, DH오토리드","HL만도 (204320), 우수AMS (066590), 오스템 (031510), KB오토시스 (024120), 새론오토모티브 (075180), 화신 (010690), 상신브레이크 (041650), 화신정공 (126640), DH오토리드 (290120)"
전자 장치,,,,"한국단자, 아이에이, 에코캡, 오비고, 이지트로닉스, 엣지파운드리, 모베이스전자, 영화테크, 모베이스, 에스오에스랩, 삼현, 인팩, 티메이치엔, 라닉스, 미디어젠, 스마트레이더시스템, 탑런토탈솔루션","한국단자 (025540), 아이에이 (038880), 에코캡 (128540), 오비고 (352910), 이지트로닉스 (377330), 엣지파운드리 (105550), 모베이스전자 (012860), 영화테크 (265560), 모베이스 (101330), 에스오에스랩 (464080), 삼현 (437730), 인팩 (023810), 티메이치엔, 라닉스 (317120), 미디어젠 (279600), 스마트레이더시스템 (424960), 탑런토탈솔루션 (336680)"
공조 장치,,,,"한온시스템, 우리산업, 삼성공조, 폴라리스세원, 아진전자부품, 성창오토텍","한온시스템 (018880), 우리산업 (215360), 삼성공조 (006660), 폴라리스세원 (234100), 아진전자부품 (009320), 성창오토텍 (080470)"
인포테인먼트,음향,,,"에스텍, DH오토웨어","에스텍 (069510), DH오토웨어 (025440)"
인포테인먼트,영상,,,"팅크웨어, 모트렉스, 유비벨록스, 모바일어플라이언스, 파인디지털, 백금T8A","팅크웨어 (084730), 모트렉스 (118990), 유비벨록스 (089850), 모바일어플라이언스 (087260), 파인디지털 (038950), 백금T8A"
기타 ,,,,"세방전지, 대원강업, SJG세종, 삼원강재, SJM, 코리아에프티, 구영테크, 영화금속, 디젠스, 대성파인텍, 와이엠, 서연탑메탈, 태양금속, 팬스타엔터프라이즈, 풍강","세방전지 (004490), 대원강업 (000430), SJG세종 (033530), 삼원강재 (023000), SJM (123700), 코리아에프티 (123410), 구영테크 (053270), 영화금속 (012280), 디젠스 (113810), 대성파인텍 (104040), 와이엠 (007530), 서연탑메탈 (019770), 태양금속 (004100), 팬스타엔터프라이즈 (054300), 풍강 (093380)"
제조사,,,,"현대차, 기아, KG모빌리티 ","현대차 (005380), 기아 (000270), KG모빌리티 (003620)"
전기차 ,배터리 ,배터리 제조사 ,,"LG에너지솔루션, 삼성SDI, SK이노베이션 ","LG에너지솔루션 (373220), 삼성SDI (006400), SK이노베이션 (096770)"
전기차 ,배터리 ,소재 ,양극재,"에코프로비엠, 에코프로머티, 엘앤에프, 코스모신소재, 대보마그네틱, 에코앤드림, DI동일, 삼아알미늄","에코프로비엠 (247540), 에코프로머티 (450080), 엘앤에프 (066970), 코스모신소재 (005070), 대보마그네틱 (290670), 에코앤드림 (101360), DI동일 (001530), 삼아알미늄 (006110)"
전기차 ,배터리 ,소재 ,음극재 ,"포스코퓨처엠, 대주전자재료, 나노신소재, 롯데에너지머티리얼즈, 솔루스첨단소재","포스코퓨처엠 (003670), 대주전자재료 (078600), 나노신소재 (121600), 롯데에너지머티리얼즈 (020150), 솔루스첨단소재 (336370)"
전기차 ,배터리 ,소재 ,전해액,"천보, 동화기업, 엔켐, 켐트로스, 티엔엔터테인먼트","천보 (278280), 동화기업 (025900), 엔켐 (348370), 켐트로스 (220260), 티엔엔터테인먼트 (131100)"
전기차 ,배터리 ,소재 ,분리막,"SK아이이테크놀로지, 더블유씨피","SK아이이테크놀로지 (361610), 더블유씨피 (393890)"
전기차 ,배터리 ,소재 ,"캡, 팩","상아프론테크, 신흥에스이씨, 상신이디피, 나라엠앤디, 삼기이브이, 에이에프더블류, 알멕","상아프론테크 (089980), 신흥에스이씨 (243840), 상신이디피 (091580), 나라엠앤디 (051490), 삼기이브이, 에이에프더블류 (312610), 알멕 (354320)"
전기차 ,배터리 ,소재 ,기타,"테이팩스, 탑머티리얼, 신성에스티, 이닉스","테이팩스 (055490), 탑머티리얼 (360070), 신성에스티 (416180), 이닉스 (452400)"
전기차 ,배터리 ,장비,열처리,원준,원준 (382840)
전기차 ,배터리 ,장비,전극 ,"피엔티, 씨아이메스, 필옵틱스, 강원에너지, 티에스아이, 지아이텍, 에이치와이티씨, 윤성에프앤씨, 제일엠맨에스","피엔티 (137400), 씨아이메스, 필옵틱스 (161580), 강원에너지 (114190), 티에스아이 (277880), 지아이텍 (382480), 에이치와이티씨 (148930), 윤성에프앤씨 (372170), 제일엠맨에스"
전기차 ,배터리 ,장비,조립,"하나기술, 엠플러스, 유일에너테크, 나인테크, 필에너지, 한빛레이저, 피엔티엠에스","하나기술 (299030), 엠플러스 (259630), 유일에너테크 (340930), 나인테크 (267320), 필에너지 (378340), 한빛레이저 (452190), 피엔티엠에스 (257370)"
전기차 ,배터리 ,장비,테스트,"엔시스, 브이원텍, 이노메트리, 자비스, 민테크, 아이비젼웍스","엔시스 (333620), 브이원텍 (251630), 이노메트리 (302430), 자비스 (254120), 민테크 (452200), 아이비젼웍스 (469750)"
전기차 ,배터리 ,장비,활성화,"원익피앤이, 에이프로","원익피앤이 (217820), 에이프로 (262260)"
전기차 ,배터리 ,장비,자동화,"코윈테크, 케이엔에스, 엠오티","코윈테크 (282880), 케이엔에스 (432470), 엠오티 (413390)"
전기차 ,배터리 ,부품,,"한중엔시에스, 와이엠텍, 성우","한중엔시에스 (107640), 와이엠텍 (273640), 성우 (458650)"
전기차 ,배터리 ,리사이클링,,"성일하이텍, 코스모화학, 새빗켐","성일하이텍 (365340), 코스모화학 (005420), 새빗켐 (107600)"
전기차 ,수소전기차,,,일진하이솔루스,일진하이솔루스 (271940)
유통,용품,,,오토앤,오토앤 (353590)
유통,중고차,,,케이카,케이카 (381970)
유통,렌털,,,"롯데렌탈, 레드캡투어","롯데렌탈 (089860), 레드캡투어 (038390)"
유통,수입차 ,,,"코오롱모빌리티그룹, 도이치모터스, CNH","코오롱모빌리티그룹 (450140), 도이치모터스 (067990), CNH"
특수차,,,,"KR모터스, 이엔플러스, 오텍","KR모터스 (000040), 이엔플러스 (074610), 오텍 (067170)"
선박,,,,"삼성중공업, 한화오션, HD현대중공업, HD한국조선해양, HD현대미포","삼성중공업 (010140), 한화오션 (042660), HD현대중공업 (329180), HD한국조선해양 (009540), HD현대미포 (010620)"
기자재 ,엔진,,,"HD현대마린솔루션, 한화엔진, HD현대마린엔진, STX엔진, 케이에스피, 케이프, 인화정공, 에스앤더블류","HD현대마린솔루션 (443060), 한화엔진 (082740), HD현대마린엔진 (071970), STX엔진 (077970), 케이에스피 (073010), 케이프 (064820), 인화정공 (101930), 에스앤더블류 (103230)"
기자재 ,설비,소화장치,,엔케이,엔케이 (085310)
기자재 ,설비,조명,,대양전기공업,대양전기공업 (108380)
기자재 ,설비,통신장비,,삼영이엔씨,삼영이엔씨 (065570)
기자재 ,설비,크레인,,KS인더스트리,KS인더스트리 (101000)
기자재 ,설비,평형수 처리장치,,한라IMS,한라IMS (092460)
기자재 ,설비,블록,,"현대힘스, 메디콕스","현대힘스 (460930), 메디콕스 (054180)"
기자재 ,설비,보냉재,,"한국카본, 동성화인텍","한국카본 (017960), 동성화인텍 (033500)"
기자재 ,설비,파이프스풀,,"동방선기, 일승","동방선기 (099410), 일승 (333430)"
기자재 ,설비,데크하우스 ,,"세진중공업, 오리엔탈정공","세진중공업 (075580), 오리엔탈정공 (014940)"
제품,가전,,,"LG전자, 에브리봇, 하츠, 파세코, 위닉스, LK삼양, 남성, 아남전자, 더테크놀로지, 신일전자, PN풍년, 자이글, 인터엠, 에이디칩스","LG전자 (066570), 에브리봇 (270660), 하츠 (066130), 파세코 (037070), 위닉스 (044340), LK삼양 (225190), 남성 (004270), 아남전자 (008700), 더테크놀로지 (043090), 신일전자 (002700), PN풍년 (024940), 자이글 (234920), 인터엠 (017250), 에이디칩스 (054630)"
제품,산업,콘덴서,,"삼성전기, LS머트리얼즈, 삼화콘덴서, 삼화전기, 코칩, 삼영전자, 뉴인텍, 삼영에스앤씨, 성문전자, 비나텍, 코칩","삼성전기 (009150), LS머트리얼즈 (417200), 삼화콘덴서 (001820), 삼화전기 (009470), 코칩 (126730), 삼영전자 (005680), 뉴인텍 (012340), 삼영에스앤씨 (361670), 성문전자 (014910), 비나텍 (126340), 코칩 (126730)"
제품,산업,PCB,,"이수페타시스, 대덕전자, 심텍, 코리아써키트, 와이엠티, 티엘비, 아비코전자, 타이거일렉, 화인써키트, 태성, 현우산업, 케이피엠테크, 디에이피, 에이엔피","이수페타시스 (007660), 대덕전자 (353200), 심텍 (222800), 코리아써키트 (007810), 와이엠티 (251370), 티엘비 (356860), 아비코전자 (036010), 타이거일렉 (219130), 화인써키트 (127980), 태성 (323280), 현우산업 (092300), 케이피엠테크 (042040), 디에이피 (066900), 에이엔피 (015260)"
제품,산업,검사 장비,,"한울반도체, 고영, 퓨런티어, 펨트론, 코셈, 와이제이링크","한울반도체 (320000), 고영 (098460), 퓨런티어 (370090), 펨트론 (168360), 코셈 (360350), 와이제이링크 (209640)"
제품,산업,자동화 기기,,"케이씨티, 씨아이테크","케이씨티 (089150), 씨아이테크 (004920)"
제품,산업,전원 공급 장치,,"와이투솔루선, 동양이엔피, 성호전자, 파워넷 서울전자통신","와이투솔루선, 동양이엔피 (079960), 성호전자 (043260), 파워넷 서울전자통신"
제품,산업,기타,,"에스티큐브, 센코, 트루엔, 디티앤씨, 카스, 에이텀, 포인트모바일, 파이버프로, 에이치시티","에스티큐브 (052020), 센코 (347000), 트루엔 (417790), 디티앤씨 (187220), 카스 (016920), 에이텀 (355690), 포인트모바일 (318020), 파이버프로 (368770), 에이치시티 (072990)"
제품,사무 ,PC ,,"앱코, 제이씨현시스템, 에스유홀딩스, 에이텍, 피씨디렉트, 주연테크, 우리로, 한국정보공학","앱코 (129890), 제이씨현시스템 (033320), 에스유홀딩스, 에이텍 (045660), 피씨디렉트 (051380), 주연테크 (044380), 우리로 (046970), 한국정보공학 (039740)"
제품,사무 ,프린터,,"신도리코, 빅솔론, 잉크테크, 큐에스아이, 엠젠솔루션, 디지아이, 에이루트, 아이디피, 딜리, 파커스","신도리코 (029530), 빅솔론 (093190), 잉크테크 (049550), 큐에스아이 (066310), 엠젠솔루션 (032790), 디지아이 (043360), 에이루트 (096690), 아이디피 (332370), 딜리 (131180), 파커스 (065690)"
부품,가전,,,"신성델타테크, 솔루엠, 새로닉스, 한솔테크닉스, 대동전자, 에스씨디, 삼진, 경인전자, 엔시트론","신성델타테크 (065350), 솔루엠 (248070), 새로닉스 (042600), 한솔테크닉스 (004710), 대동전자 (008110), 에스씨디 (042110), 삼진 (032750), 경인전자 (009140), 엔시트론 (101400)"
부품,산업,차폐 소재 ,,"모다이노칩, 레몬, 아모센스, 상신전자, 동일기연, 다산솔루에타","모다이노칩 (080420), 레몬 (294140), 아모센스 (357580), 상신전자 (263810), 동일기연 (032960), 다산솔루에타 (154040)"
부품,산업,페라이트,,"노바텍, 유니온머티리얼, EG, 삼화전자","노바텍 (285490), 유니온머티리얼 (047400), EG (037370), 삼화전자 (011230)"
부품,산업,모터 ,,"이랜시스, 모아텍, 링크드","이랜시스 (264850), 모아텍 (033200), 링크드 (193250)"
부품,산업,커넥터,,"신화콘텍, 씨엔플러스, 우주일렉트로, 텔콘RF제약","신화콘텍 (187270), 씨엔플러스 (115530), 우주일렉트로 (065680), 텔콘RF제약 (200230)"
부품,산업,기타 ,,"나노팀, 하이딥, 광전자, 시지트로닉스, 아이씨에이치, 코스텍시스, 써니전자, 빛샘전자","나노팀 (417010), 하이딥 (365590), 광전자 (017900), 시지트로닉스 (429270), 아이씨에이치 (368600), 코스텍시스 (355150), 써니전자 (004770), 빛샘전자 (072950)"
유통 ,,,,"에스에이엠티, AJ네트웍스, 롯데하이마트, 드림시큐리티, 삼지전자","에스에이엠티 (031330), AJ네트웍스 (095570), 롯데하이마트 (071840), 드림시큐리티 (203650), 삼지전자 (037460)"
플랫폼,방송,OTT,,"SOOP, THE E&M","SOOP (067160), THE E&M (089230)"
플랫폼,방송,지상파,,"SBS, KNN, 티비씨","SBS (034120), KNN (058400), 티비씨 (033830)"
플랫폼,방송,유료,위성,스카이라이프,스카이라이프 (053210)
플랫폼,방송,유료,유선,"LG헬로비전, 씨씨에스","LG헬로비전 (037560), 씨씨에스 (066790)"
플랫폼,방송,PP,,"CJENM, YTN, 한국경제TV, 애니플러스","CJENM, YTN (040300), 한국경제TV (039340), 애니플러스 (310200)"
플랫폼,영화,,,"CJ CGV, 콘텐트리중앙","CJ CGV (079160), 콘텐트리중앙 (036420)"
플랫폼,음원,,,"NHN벅스, 드림어스컴퍼니, 지니뮤직, YG PLUS, 알비더블유","NHN벅스 (104200), 드림어스컴퍼니 (060570), 지니뮤직, YG PLUS (037270), 알비더블유 (361570)"
플랫폼,연예기획사,,,"하이브, JYP Ent, 에스엠, 와이지엔터테인먼트, 에프엔씨엔터, 큐브엔터, 판타지오, 엔에스이엔엠","하이브 (352820), JYP Ent, 에스엠 (041510), 와이지엔터테인먼트 (122870), 에프엔씨엔터 (173940), 큐브엔터 (182360), 판타지오 (032800), 엔에스이엔엠 (078860)"
플랫폼,신문,,,"아시아경제, 디지틀조선","아시아경제 (127710), 디지틀조선 (033130)"
플랫폼,커뮤니케이션,,,디어유,디어유 (376300)
콘텐츠,제작,,,"스튜디오드래곤, 위지워스튜디오, 에이스토리, NEW, 삼화네트웍스, 빅텐츠, 아티스트스튜디오, 팬엔터테인먼트, 키이스트, 쇼박스, 아센디오, 바른손이앤에이, 캐리소프트, 엔투텍, 닷밀","스튜디오드래곤 (253450), 위지워스튜디오, 에이스토리 (241840), NEW (160550), 삼화네트웍스 (046390), 빅텐츠, 아티스트스튜디오 (200350), 팬엔터테인먼트 (068050), 키이스트 (054780), 쇼박스 (086980), 아센디오 (012170), 바른손이앤에이 (035620), 캐리소프트 (317530), 엔투텍 (227950), 닷밀 (464580)"
콘텐츠,광고,,,"제일기획, 이노션, SM C&C, 아티스트유나이티드, 나스미디어, 엔피, HS애드, 인크로스, 오리콤, 플레이디, 엔비티, FSN, 이엠넷, 모비데이즈, 와이즈버즈, 드림인사이트, 차이커뮤니케이션","제일기획 (030000), 이노션 (214320), SM C&C (048550), 아티스트유나이티드, 나스미디어, 엔피 (291230), HS애드 (035000), 인크로스 (216050), 오리콤 (010470), 플레이디 (237820), 엔비티 (236810), FSN (214270), 이엠넷 (123570), 모비데이즈 (363260), 와이즈버즈 (273060), 드림인사이트 (362990), 차이커뮤니케이션 (351870)"
콘텐츠,웹툰,,,"디앤씨미디어, 미스터블루, 키다리스튜디오, 핑거스토리, 와이랩","디앤씨미디어 (263720), 미스터블루 (207760), 키다리스튜디오 (020120), 핑거스토리 (417180), 와이랩 (432430)"
콘텐츠,캐릭터,,,"스튜디오미르, SAMG엔터, 대원미디어, 손오공, 오로라","스튜디오미르 (408900), SAMG엔터 (419530), 대원미디어 (048910), 손오공 (066910), 오로라 (039830)"
콘텐츠,특수효과,,,"자이언트스텝, 덱스터, 이노시뮬레이션, 포비이포, 스코넥 , 맥스트, M83 케이쓰리아이","자이언트스텝 (289220), 덱스터 (206560), 이노시뮬레이션 (274400), 포비이포, 스코넥 (276040), 맥스트, M83 케이쓰리아이"
인프라,솔루션,,,"디지캡, 알티캐스트, 메쎄이삼","디지캡 (197140), 알티캐스트 (085810), 메쎄이삼"
인프라,장비,,,"휴맥스, 가온그룹, 탑코미디어, 알로이스","휴맥스 (115160), 가온그룹 (078890), 탑코미디어 (134580), 알로이스 (297570)"
인프라,유통,,,"코퍼스코리아, iMBC, 블리츠웨이스튜디오, SM Life Design","코퍼스코리아 (322780), iMBC (052220), 블리츠웨이스튜디오, SM Life Design (063440)"
사업자,,,,"SK텔레콤, KT, LG유플러스, 세종텔레콤","SK텔레콤 (017670), KT (030200), LG유플러스 (032640), 세종텔레콤 (036630)"
장비,유선,네트워크,,"광무, 유비쿼스, 다산네트웍스, 코위버, 한울소재과학, 파이오링크, 아이크래프트","광무 (029480), 유비쿼스 (264450), 다산네트웍스 (039560), 코위버 (056360), 한울소재과학 (091440), 파이오링크 (170790), 아이크래프트 (052460)"
장비,유선,광전송,,"자람테크놀로지, 에치에프알, 오이솔루션, 대한광통신, 우리넷, 빛과전자, 옵티시스, 옵티코어, 이노인스트루먼트","자람테크놀로지 (389020), 에치에프알 (230240), 오이솔루션 (138080), 대한광통신 (010170), 우리넷 (115440), 빛과전자 (069540), 옵티시스 (109080), 옵티코어 (380540), 이노인스트루먼트 (215790)"
장비,유선,계측,,"이노와이어리스, 한국첨단소재","이노와이어리스 (073490), 한국첨단소재 (062970)"
장비,유선,단말장비,,"머큐리, 다보링크","머큐리 (100590), 다보링크 (340360)"
장비,무선,안테나,,"휴림네트웍스, 센서뷰","휴림네트웍스, 센서뷰 (321370)"
장비,무선,전력 증폭기,,RFHIC,RFHIC (218410)
장비,무선,RRH,,"케이엠더블유, 웨이브일렉트로","케이엠더블유 (032500), 웨이브일렉트로 (095270)"
장비,무선,RF,,"RF머트리얼즈, 기가레인, 에이스테크","RF머트리얼즈 (327260), 기가레인 (049080), 에이스테크 (088800)"
장비,무선,중계기,,"쏠리드, 알엔투테크놀로지, 에프알텍, CS, 라이콤","쏠리드 (050890), 알엔투테크놀로지 (148250), 에프알텍 (073540), CS (065770), 라이콤 (388790)"
장비,무선,스몰셀,,이노와이어리스,이노와이어리스 (073490)
장비,무선,공용기지국,,와이어블,와이어블 (065530)
장비,위성,,,"인텔리아테크, 쎄트렉아이, AP위성","인텔리아테크, 쎄트렉아이 (099320), AP위성 (211270)"
장비,기타 ,알뜰폰,,"인스코비, 아이즈비전","인스코비 (006490), 아이즈비전 (031310)"
장비,기타 ,무전기,,SGA솔루션즈,SGA솔루션즈 (184230)
솔루션,,,,"네이블, 유엔젤, 에스넷, 텔코웨어, 이루온, 수산아이앤티","네이블 (153460), 유엔젤 (072130), 에스넷 (038680), 텔코웨어 (078000), 이루온 (065440), 수산아이앤티 (050960)"
컨택센터 ,,,,"효성ITX, Ktis, KTcs, 브리지텍, 이씨에스, 한솔인티큐브 ","효성ITX (094280), Ktis, KTcs (058850), 브리지텍 (064480), 이씨에스 (067010), 한솔인티큐브 (070590)"
화장품,제품,종합,,"LG생활건강, 아모레퍼시픽, 애경산업","LG생활건강 (051900), 아모레퍼시픽 (090430), 애경산업 (018250)"
화장품,제품,기초,,"브이티, 마녀공장, 코리아나, 아우딘퓨쳐스, CSA 코스믹","브이티 (018290), 마녀공장 (439090), 코리아나 (027050), 아우딘퓨쳐스 (227610), CSA 코스믹 (083660)"
화장품,제품,색조,,"클리오, 아이패밀리에스씨, 본느, 삐아","클리오 (237880), 아이패밀리에스씨 (114840), 본느 (226340), 삐아 (451250)"
화장품,제품,브랜드숍,,"잇츠한불, 에이블씨엔씨, 토니모리","잇츠한불 (226320), 에이블씨엔씨 (078520), 토니모리 (214420)"
화장품,제품,헤어,,"세화피앤씨, 폴라리스우노, 이노진","세화피앤씨 (252500), 폴라리스우노 (114630), 이노진 (344860)"
화장품,제품,마스크팩,,셀바이오휴먼텍,셀바이오휴먼텍 (318160)
화장품,제품,보습제,,네오팜,네오팜 (092730)
화장품,ODM/OEM,,,"한국콜마, 코스맥스, 씨앤씨인터내셔널, 잉글우드랩, 제닉, 씨티케이, 스킨앤스킨, 코스메카코리아, 제이준코스메틱, 한국화장품제조, 코디, 뷰티스킨","한국콜마 (161890), 코스맥스 (192820), 씨앤씨인터내셔널 (352480), 잉글우드랩 (950140), 제닉 (123330), 씨티케이 (260930), 스킨앤스킨, 코스메카코리아 (241710), 제이준코스메틱 (025620), 한국화장품제조 (003350), 코디 (080530), 뷰티스킨 (406820)"
화장품,소재,,,"펌텍코리아, 대봉엘에스, 라파스, 엔에프씨, 에이에스텍, 선진뷰티사이언스, 현대퓨처넷, 현대바이오랜드, 제이투케이바이오, 내츄럴엔도텍","펌텍코리아 (251970), 대봉엘에스 (078140), 라파스 (214260), 엔에프씨 (265740), 에이에스텍 (453860), 선진뷰티사이언스 (086710), 현대퓨처넷 (126560), 현대바이오랜드 (052260), 제이투케이바이오 (420570), 내츄럴엔도텍 (168330)"
화장품,유통,,,"실리콘투, 한국화장품, 인크레더블버즈, 바른손, 글로본, 디와이디, 코스나인, 청담글로벌","실리콘투 (257720), 한국화장품 (123690), 인크레더블버즈 (064090), 바른손 (018700), 글로본 (019660), 디와이디 (219550), 코스나인 (082660), 청담글로벌 (362320)"
화장품,기타 ,,,"피엔케이피부임상연구센타, 현대바이오, 제로투세븐","피엔케이피부임상연구센타 (347740), 현대바이오 (048410), 제로투세븐 (159580)"
건강기능식품,,,,"콜마비앤에이치, 서흥, 노바렉스, 쎌바이오텍, 에이치피오, 에이치엘사이언스, 뉴트리, 프롬바이오, 코스맥스엔비티, 알피바이오, 팜스빌, 비엘팜텍, 휴럼, 비피도","콜마비앤에이치 (200130), 서흥 (008490), 노바렉스 (194700), 쎌바이오텍 (049960), 에이치피오 (357230), 에이치엘사이언스 (239610), 뉴트리 (270870), 프롬바이오 (377220), 코스맥스엔비티 (222040), 알피바이오 (314140), 팜스빌 (318010), 비엘팜텍 (065170), 휴럼 (353190), 비피도 (238200)"
건설,종합,,,"현대건설, GS건설, 대우건설, DL이엔씨, 코오롱글로벌, 금호건설, 동부건설, 계룡건설, HL D&I, 한신공영, 웰크론, 웰크론한텍, 태영건설","현대건설 (000720), GS건설 (006360), 대우건설 (047040), DL이엔씨, 코오롱글로벌 (003070), 금호건설 (002990), 동부건설 (005960), 계룡건설 (013580), HL D&I (014790), 한신공영 (004960), 웰크론 (065950), 웰크론한텍 (076080), 태영건설 (009410)"
건설,토목,,,"삼호개발, 우원개발, 하이드로리튬,동아지질, 삼부토건, 동신건설, 특수건설, 남광토건","삼호개발 (010960), 우원개발 (046940), 하이드로리튬 (101670), 동아지질 (028100), 삼부토건 (001470), 동신건설 (025950), 특수건설 (026150), 남광토건 (001260)"
건설,건축,,,"HDC현대산업개발, 아이에스동서, HJ중공업, 동원개발, 서희건설, 자이에스앤디, 진흥기업, 일성건설, HS화성, KCC건설, 서한, 범양건영, 이화공영, 대원, 신세계건설, KH 건설, 남화토건, 신원종합개발, 상지건설, 삼일기업공사, KD","HDC현대산업개발 (294870), 아이에스동서 (010780), HJ중공업 (097230), 동원개발 (013120), 서희건설 (035890), 자이에스앤디 (317400), 진흥기업 (002780), 일성건설 (013360), HS화성 (002460), KCC건설 (021320), 서한 (011370), 범양건영 (002410), 이화공영 (001840), 대원 (007680), 신세계건설, KH 건설 (226360), 남화토건 (091590), 신원종합개발 (017000), 상지건설 (042940), 삼일기업공사 (002290), KD (044180)"
건설,플랜트,,,"삼성E&A, 제이오, 금양그린파워, 에쓰씨엔지니어링, SGC E&C, 성도이엔지, CNT85","삼성E&A (028050), 제이오 (418550), 금양그린파워 (282720), 에쓰씨엔지니어링 (023960), SGC E&C (016250), 성도이엔지 (037350), CNT85 (056730)"
건설,설비,,,"SNT에너지, 제이엔케이글로벌, 누리플랜, 우진아이엔에스, KIB플러그에너지","SNT에너지 (100840), 제이엔케이글로벌 (126880), 누리플랜 (069140), 우진아이엔에스 (010400), KIB플러그에너지"
건설,엔지니어링,,,"한미글로벌, 희림, 도화엔지니어링, 한국종합기술, 유신","한미글로벌 (053690), 희림 (037440), 도화엔지니어링 (002150), 한국종합기술 (023350), 유신 (054930)"
전문,스마트홈,,,"코콤, 현대에이치티, HDC랩스","코콤 (015710), 현대에이치티 (039010), HDC랩스 (039570)"
전문,인테리어,,,"국보디자인, 시공테크, 베노티앤알","국보디자인 (066620), 시공테크 (020710), 베노티앤알 (206400)"
전문,해저 케이블,,,LS마린솔루션,LS마린솔루션 (060370)
전문,환경복원,,,자연과환경,자연과환경 (043910)
환경,폐기물,,,"인선이엔티, 코엔텍, 와이엔텍","인선이엔티 (060150), 코엔텍, 와이엔텍 (067900)"
환경,수처리,,,한성크린텍,한성크린텍 (066980)
환경,엔지니어링,,,KC코트렐,KC코트렐 (119650)
인터넷,,,,"NAVER, 카카오, 이스트에이드","NAVER (035420), 카카오 (035720), 이스트에이드 (239340)"
보안,정보 보안,암호인증,,"라온시큐어, 아톤, 인지소프트","라온시큐어 (042510), 아톤 (158430), 인지소프트 (100030)"
보안,정보 보안,네트워크,,"안랩, 윈스, 지니언스, 엑스게이트, 휴네시온","안랩 (053800), 윈스, 지니언스 (263860), 엑스게이트 (356680), 휴네시온 (290270)"
보안,정보 보안,보안 관리,,"이스트소프트, 샌즈랩, 모니터랩, 신시웨이, 한싹, 이글루, 시큐브, 에스에스알, 싸이버원, 벨로크","이스트소프트 (047560), 샌즈랩 (411080), 모니터랩 (434480), 신시웨이 (290560), 한싹 (430690), 이글루 (067920), 시큐브 (131090), 에스에스알 (275630), 싸이버원 (356890), 벨로크 (424760)"
보안,정보 보안,정보 유출 방지,,"지란지교시큐리티, 케이사인, 파수, 소프트캠프","지란지교시큐리티 (208350), 케이사인 (192250), 파수 (150900), 소프트캠프 (258790)"
보안,보안 서비스 ,관제,,"에스원, 이노뎁, 카티스","에스원 (012750), 이노뎁 (303530), 카티스 (140430)"
보안,보안 서비스 ,장비,,"아이디스, 포커스에이치엔에스, 하이트론, 인콘, 아이씨티케이","아이디스 (143160), 포커스에이치엔에스, 하이트론, 인콘 (083640), 아이씨티케이 (456010)"
보안,보안 서비스 ,인증서,,"한국정보인증, 한국전자인증, 인포바인","한국정보인증 (053300), 한국전자인증 (041460), 인포바인 (115310)"
보안,보안 서비스 ,생체 인식,,"슈프리마, 엑스페릭스, 유니온커뮤니티, 알체라","슈프리마 (236200), 엑스페릭스 (317770), 유니온커뮤니티, 알체라 (347860)"
소프트웨어,금융,,,"더존비즈온, 웹케시, 비즈니스온, 크레오에스지, 시큐센, 영림원소프트랩, 아이티아이즈, 미래아이앤지, 이니텍, 뱅크웨어글로벌","더존비즈온 (012510), 웹케시 (053580), 비즈니스온, 크레오에스지 (040350), 시큐센, 영림원소프트랩 (060850), 아이티아이즈 (372800), 미래아이앤지 (007120), 이니텍 (053350), 뱅크웨어글로벌 (199480)"
소프트웨어,업무,,,"엠로, 한글과컴퓨터, 폴라리스오피스, 슈어소프트테크, 에스피소프트, 알서포트, 코난테크놀로지, 이에이트, MDS테크, 토마토시스템, 포시에스, 비아이매트릭스, 인스웨이브시스템즈, 웨이버스, 트윔, 핸디소프트, 산돌, 오브젠, 키네마스터, 아이퀘스트, 버넥트, 케이웨더, 솔트웨어, 플랜티넷, 엔텔스, 모코엠시스, 세중, 핀텔, 비트나인, 디모아, 인스피언, 사이냅소프트","엠로 (058970), 한글과컴퓨터 (030520), 폴라리스오피스 (041020), 슈어소프트테크 (298830), 에스피소프트 (443670), 알서포트 (131370), 코난테크놀로지 (402030), 이에이트 (418620), MDS테크 (086960), 토마토시스템 (393210), 포시에스 (189690), 비아이매트릭스 (413640), 인스웨이브시스템즈, 웨이버스 (336060), 트윔 (290090), 핸디소프트 (220180), 산돌 (419120), 오브젠 (417860), 키네마스터 (139670), 아이퀘스트 (262840), 버넥트 (438700), 케이웨더 (068100), 솔트웨어 (328380), 플랜티넷 (075130), 엔텔스 (069410), 모코엠시스 (333050), 세중 (039310), 핀텔 (291810), 비트나인, 디모아 (016670), 인스피언 (465480), 사이냅소프트 (466410)"
소프트웨어,자동화,,,"링크제니시스, 비츠로시스, 엠아이큐브솔루션, 이노룰스, 코닉오토메이션, 엠투아이, 이삭엔지니어링 ","링크제니시스 (219420), 비츠로시스 (054220), 엠아이큐브솔루션 (373170), 이노룰스 (296640), 코닉오토메이션 (391710), 엠투아이 (347890), 이삭엔지니어링 (351330)"
서비스,네트워크,,,"오픈베이스, 엑셈, 오파스넷, 링네트, 콤텍시스템","오픈베이스 (049480), 엑셈 (205100), 오파스넷 (173130), 링네트 (042500), 콤텍시스템"
서비스,AI,,,"솔트룩스, 위세아이텍, 비투엔, 마음ai,모아데이타, 바이브컴퍼니, 비큐ai, 씨이랩, 크라우드웍스, 셀바스ai, 씨유박스, 라온피플","솔트룩스 (304100), 위세아이텍 (065370), 비투엔 (307870), 마음ai, 모아데이타 (288980), 바이브컴퍼니 (301300), 비큐ai, 씨이랩 (189330), 크라우드웍스 (355390), 셀바스ai, 씨유박스, 라온피플 (300120)"
서비스,SI,그룹사,,"삼성에스디에스, 신세계 I&C, DB, 현대오토에버, 아시아나IDT, 롯데이노베이트","삼성에스디에스 (018260), 신세계 I&C (035510), DB (012030), 현대오토에버 (307950), 아시아나IDT (267850), 롯데이노베이트 (286940)"
서비스,SI,비관계사,,"케이씨에스, 오상자이엘, 플래티어, 정원엔시스, 대신정보통신, 쌍용정보통신, SGA","케이씨에스 (115500), 오상자이엘 (053980), 플래티어 (367000), 정원엔시스 (045510), 대신정보통신 (020180), 쌍용정보통신, SGA"
서비스,플랫폼,,,"사람인, 원티드랩, 오픈놀, 쿠콘, 핑거, 플리토","사람인 (143240), 원티드랩 (376980), 오픈놀 (440320), 쿠콘 (294570), 핑거 (163730), 플리토 (300080)"
서비스,정보 ,,,인포뱅크,인포뱅크 (039290)
서비스,리서치,,,"엠브레인, 리파인","엠브레인 (169330), 리파인 (377450)"
서비스,인프라,,,"가비아, 케이아이엔엑스, 브레인즈컴퍼니, 인성정보","가비아 (079940), 케이아이엔엑스 (093320), 브레인즈컴퍼니 (099390), 인성정보 (033230)"
서비스,스토리지,,,"데이타솔루션, 소프트센, 율호, 나무기술","데이타솔루션 (263800), 소프트센 (032680), 율호 (072770), 나무기술 (242040)"
결제,플랫폼,,,"카카오페이, 다날, 코나아이, KG모빌리언스, 헥토파이낸셜, 포스뱅크 ","카카오페이 (377300), 다날 (064260), 코나아이 (052400), KG모빌리언스 (046440), 헥토파이낸셜 (234340), 포스뱅크 (105760)"
결제,PG/VAN,,,"KG이니시스, 한국전자금융, 헥토이노베이션, 한네트, NHN KCP, 한국정보통신, 푸른기술, 로지시스, 갤럭시아머니트리, 나이스정보통신, SBI핀테크솔루션즈 ","KG이니시스 (035600), 한국전자금융, 헥토이노베이션 (214180), 한네트 (052600), NHN KCP (060250), 한국정보통신 (025770), 푸른기술 (094940), 로지시스 (067730), 갤럭시아머니트리 (094480), 나이스정보통신 (036800), SBI핀테크솔루션즈"
내외장재,내장재,,,"벽산, 에스와이","벽산 (007210), 에스와이 (109610)"
내외장재,창호,,,"LX하우시스, 남선알미늄","LX하우시스 (108670), 남선알미늄 (008350)"
내외장재,유리,,,"KCC글라스, 국영지앤엠","KCC글라스 (344820), 국영지앤엠 (006050)"
내외장재,목재,,,"동화기업, 한솔홈데코, 이건산업, SUN&L, 유니드비티플러스","동화기업 (025900), 한솔홈데코 (025750), 이건산업 (008250), SUN&L (002820), 유니드비티플러스 (446070)"
내외장재,도료,,,"삼화페인트, 노루페인트, 강남제비스코, 조광페인트","삼화페인트 (000390), 노루페인트 (090350), 강남제비스코 (000860), 조광페인트 (004910)"
자재,거푸집,,,"삼목에스폼, 금강공업","삼목에스폼 (018310), 금강공업 (014280)"
자재,아스콘,,,SG ,SG (255220)
자재,석재,,,"라이온켐텍, 일신석재","라이온켐텍 (171120), 일신석재 (007110)"
자재,욕실,,,"대림B&Co, 대림통상, 와토스코리아","대림B&Co, 대림통상 (006570), 와토스코리아 (079000)"
자재,배관재,,,"TKG애강, 프럼파스트, 뉴보텍, 셀루메드","TKG애강, 프럼파스트 (035200), 뉴보텍 (060260), 셀루메드 (049180)"
자재,시멘트,,,"한일시멘트, 아세아시멘트, 삼표시멘트, 한일현대시멘트, 성신양회, 강동씨앤엘, 유니온","한일시멘트 (300720), 아세아시멘트 (183190), 삼표시멘트 (038500), 한일현대시멘트, 성신양회 (004980), 강동씨앤엘 (198440), 유니온 (000910)"
자재,레미콘,,,"유진기업, 동양, 보광산업, 부산산업, 모헨즈","유진기업 (023410), 동양 (001520), 보광산업, 부산산업 (011390), 모헨즈 (006920)"
자재,PC,,,"삼일씨엔에스, 동양파일, 까큐이앤씨, 서산, 티웨이홀딩스","삼일씨엔에스 (004440), 동양파일 (228340), 까큐이앤씨, 서산 (079650), 티웨이홀딩스 (004870)"
자재,데크플레이트,,,"덕신이피씨, 제일테크노스, 윈하이텍, 다스코, 에스와이스틸텍","덕신이피씨 (090410), 제일테크노스 (038010), 윈하이텍 (192390), 다스코 (058730), 에스와이스틸텍 (365330)"
철강,종합,,,"POSCO홀딩스, 현대제철","POSCO홀딩스 (005490), 현대제철 (004020)"
철강,원재료,석회,,태경비케이,태경비케이 (014580)
철강,원재료,철스크랩,,한국주강,한국주강 (025890)
철강,원재료,내화물,,"조선내화, 한국내화, 동국알앤에스","조선내화 (462520), 한국내화 (010040), 동국알앤에스 (075970)"
철강,첨가제,합금철,,"SIMPAC, 태경산업","SIMPAC (009160), 태경산업 (015890)"
철강,첨가제,탈산제,,"피제이메탈, 포스코엠텍","피제이메탈 (128660), 포스코엠텍 (009520)"
철강,제품,포장,,"엠투엔, 승일, 태양, 대륙제관","엠투엔 (033310), 승일 (049830), 태양 (053620), 대륙제관 (004780)"
철강,제품,철근,,"한국철강, 대한제강","한국철강 (104700), 대한제강 (084010)"
철강,제품,특수강,,"세아베스틸지주, 원일특강, 광진실업","세아베스틸지주 (001430), 원일특강 (012620), 광진실업 (026910)"
철강,제품,봉형강,,"동국제강, NI스틸, 동일산업, 한국특강, 화인베스틸, 동일제강, 동일철강","동국제강 (460860), NI스틸 (008260), 동일산업 (004890), 한국특강 (007280), 화인베스틸 (133820), 동일제강 (002690), 동일철강"
철강,제품,판재,강판,"KG스틸, KG에코솔루션, TCC스틸, 신스틸, SHD, 아주스틸, 포스코스틸리온, 디씨엠, 동국산업, 동국씨엠","KG스틸 (016380), KG에코솔루션 (151860), TCC스틸 (002710), 신스틸 (162300), SHD (001770), 아주스틸 (139990), 포스코스틸리온 (058430), 디씨엠 (024090), 동국산업 (005160), 동국씨엠 (460850)"
철강,제품,판재,스테인리스,"현대비앤지스틸, 황금에스티, 대양금속, 티플랙스, 유에스티, 쎄니트, 이렘","현대비앤지스틸 (004560), 황금에스티 (032560), 대양금속 (009190), 티플랙스 (081150), 유에스티 (263770), 쎄니트 (037760), 이렘 (009730)"
철강,제품,강관,,"세아제강, 휴스틸, 한국주철관, 동양철관, 하이스틸, 넥스틸, 율촌","세아제강 (306200), 휴스틸 (005010), 한국주철관 (000970), 동양철관, 하이스틸 (071090), 넥스틸 (092790), 율촌 (146060)"
철강,제품,선재,,"고려제강, 조선선재, 세아특수강, 대호특수강, 만호제강, 한국선재, 영흥, DSR제강, 제이스코홀딩스","고려제강 (002240), 조선선재 (120030), 세아특수강 (019440), 대호특수강 (021040), 만호제강 (001080), 한국선재 (025550), 영흥 (012160), DSR제강 (069730), 제이스코홀딩스 (023440)"
철강,유통,,,"금강철강, 한일철강, 경남스틸, 삼현철강, 문배철강, 부국철강, 대창스틸, 대동스틸, 동양에스텍, 더라미","금강철강 (053260), 한일철강 (002220), 경남스틸 (039240), 삼현철강 (017480), 문배철강 (008420), 부국철강 (026940), 대창스틸 (140520), 대동스틸 (048470), 동양에스텍 (060380), 더라미 (032860)"
비철금속,금,,,아이티센,아이티센
비철금속,아연,,,"고려아연, 영풍, 한일화학, 한창산업","고려아연 (010130), 영풍 (000670), 한일화학 (007770), 한창산업 (079170)"
비철금속,동력 전달 장치,,,"풍산, 대창, 이구산업, 국일신동, 바이오스마트, KBI메탈, 에이치브이엠, 서원","풍산 (103140), 대창 (012800), 이구산업 (025820), 국일신동 (060480), 바이오스마트 (038460), KBI메탈 (024840), 에이치브이엠 (295310), 서원 (021050)"
비철금속,알루미늄,,,"삼아알미늄, 조일알미늄, 알루코, 세아메카닉스, 그린플러스, 대호에이엘, 삼보산업, 파버나인, 케이피티유","삼아알미늄 (006110), 조일알미늄 (018470), 알루코 (001780), 세아메카닉스 (396300), 그린플러스 (186230), 대호에이엘 (069460), 삼보산업 (009620), 파버나인 (177830), 케이피티유 (054410)"
비철금속,공업용 다이아몬드,,,일진다이아 ,일진다이아 (081000)
은행,시중은행,,,"KB금융, 신한지주, 하나금융지주, 우리금융지주, 기업은행, 카카오뱅크","KB금융 (105560), 신한지주 (055550), 하나금융지주 (086790), 우리금융지주 (316140), 기업은행 (024110), 카카오뱅크 (323410)"
은행,지방은행,,,"JB금융지주, BNK금융지주, DGB금융지주, 제주은행","JB금융지주 (175330), BNK금융지주 (138930), DGB금융지주, 제주은행 (006220)"
은행,저축은행,,,"푸른저축은행, 상상인","푸른저축은행 (007330), 상상인 (038540)"
증권,,,,"메리츠금융지주, 미래에셋증권, NH투자증권, 한국금융지주, 삼성증권, 키움증권, 신영증권, 대신증권, 한화투자증권, 교보증권, 유안타증권, 유진투자증권, 부국증권, 현대차증권, LS증권, SK증권, DB금융투자, 다올투자증권, 한양증군, 유화증권, 상상인증권, 코리아에셋투자증권","메리츠금융지주 (138040), 미래에셋증권 (006800), NH투자증권 (005940), 한국금융지주 (071050), 삼성증권 (016360), 키움증권 (039490), 신영증권 (001720), 대신증권 (003540), 한화투자증권 (003530), 교보증권 (030610), 유안타증권 (003470), 유진투자증권 (001200), 부국증권 (001270), 현대차증권 (001500), LS증권 (078020), SK증권 (001510), DB금융투자, 다올투자증권 (030210), 한양증군, 유화증권 (003460), 상상인증권 (001290), 코리아에셋투자증권 (190650)"
보험,생명보험,,,"삼성생명, 한화생명, 미래에셋생명, 동양생명","삼성생명 (032830), 한화생명 (088350), 미래에셋생명 (085620), 동양생명 (082640)"
보험,손해보험,,,"삼성화재, DB손해보험, 현대해상, 롯데손해보험, 한화손해보험, 흥국화재","삼성화재 (000810), DB손해보험 (005830), 현대해상 (001450), 롯데손해보험 (000400), 한화손해보험 (000370), 흥국화재 (000540)"
보험,재보험,,,코리안리,코리안리 (003690)
보험,대리점,,,"에이플러스에셋, 인카금융서비스","에이플러스에셋 (244920), 인카금융서비스 (211050)"
부동산,리츠,위탁관리형,,"SK리츠, ESR켄달스퀘어리츠, 롯데리츠, 제이알글로벌리츠, 신한알파리츠, KB스타리츠, 코람코라이프인프라리츠, 삼성FN리츠, 한화리츠, 이지스밸류리츠, 디앤디플랫폼리츠, 코람코더원리츠, NH올원리츠, 이지스레지던스리츠, 신한글로벌액티브리츠, NH프라임리츠, 미래에셋맵스리츠, 마스턴프리미어리츠","SK리츠 (395400), ESR켄달스퀘어리츠 (365550), 롯데리츠 (330590), 제이알글로벌리츠 (348950), 신한알파리츠 (293940), KB스타리츠 (432320), 코람코라이프인프라리츠 (357120), 삼성FN리츠 (448730), 한화리츠 (451800), 이지스밸류리츠, 디앤디플랫폼리츠 (377190), 코람코더원리츠 (417310), NH올원리츠 (400760), 이지스레지던스리츠 (350520), 신한글로벌액티브리츠 (481850), NH프라임리츠 (338100), 미래에셋맵스리츠 (357250), 마스턴프리미어리츠 (357430)"
부동산,리츠,자기관리형,,"케이탑리츠, 스타에스엠리츠, 신한서브티엔디리츠, 미래에셋글로벌리츠","케이탑리츠 (145270), 스타에스엠리츠 (204210), 신한서브티엔디리츠, 미래에셋글로벌리츠 (396690)"
부동산,리츠,기업 구조조정형,,이리츠코크렙,이리츠코크렙 (088260)
부동산,신탁,,,"한국토지신탁, 한국자산신탁","한국토지신탁 (034830), 한국자산신탁 (123890)"
부동산,개발임대,,,"SK디앤디, SK이터닉스, 이스타코, 신라섬유","SK디앤디 (210980), SK이터닉스 (475150), 이스타코 (015020), 신라섬유 (001000)"
기타,벤처캐피털,,,"우리기술투자, 스틱인베스트먼트, 미래에셋벤처투자, 아주IB투자, 한국캐피탈, SBI인베스트먼트, 에이티넘인베스트, LB인베스트먼트, 나우IB, SV인베스트먼트, DSC인베스트먼트, 대성창투, 스톤브릿지벤처스, 린드먼아시아, HB인베스트먼트, 큐캐피탈, 컴퍼니케이, 메이슨캐피탈, TS인베스트먼트, 캡스톤파트너스, 플루토스","우리기술투자 (041190), 스틱인베스트먼트 (026890), 미래에셋벤처투자 (100790), 아주IB투자 (027360), 한국캐피탈 (023760), SBI인베스트먼트 (019550), 에이티넘인베스트 (021080), LB인베스트먼트 (309960), 나우IB (293580), SV인베스트먼트 (289080), DSC인베스트먼트 (241520), 대성창투 (027830), 스톤브릿지벤처스 (330730), 린드먼아시아 (277070), HB인베스트먼트 (440290), 큐캐피탈 (016600), 컴퍼니케이 (307930), 메이슨캐피탈 (021880), TS인베스트먼트 (246690), 캡스톤파트너스 (452300), 플루토스 (019570)"
기타,카드,,,삼성카드,삼성카드 (029780)
기타,금융,,,"다우기술, 에프앤가이드, 고려신용정보, 리드코프","다우기술 (023590), 에프앤가이드 (064850), 고려신용정보 (049720), 리드코프 (012700)"
기타,신용정보 ,,,"NICE평가정보, 한국기업평가, 이크레더블, 나이스디앤비, SCI평가정보","NICE평가정보 (030190), 한국기업평가 (034950), 이크레더블 (092130), 나이스디앤비 (130580), SCI평가정보"
제조사 ,,,,LG디스플레이,LG디스플레이 (034220)
소재,공정,,,"엘티씨, 와이엠씨, 유아이디","엘티씨 (170920), 와이엠씨 (155650), 유아이디 (069330)"
소재,패널,,,"디티씨, 일진디스플, 인지디스플레","디티씨 (066670), 일진디스플 (020760), 인지디스플레 (037330)"
소재,필름,,,"세진티에스, HB테크놀러지, 오성첨단소재, 엘엠에스, 상보, 나노캠텍, 미래나노텍, GRT, 코이즈, 아이컴포넌트, 신화인터텍, 에이치엔에스하이텍","세진티에스 (067770), HB테크놀러지 (078150), 오성첨단소재 (052420), 엘엠에스 (073110), 상보 (027580), 나노캠텍 (091970), 미래나노텍 (095500), GRT (900290), 코이즈 (121850), 아이컴포넌트 (059100), 신화인터텍 (056700), 에이치엔에스하이텍 (044990)"
소재,OLED,,,"덕산테코피아, 덕산네오룩스, 이녹스첨단소재, 피엔에이치테크, 풍원정밀, 이엠앤아이, 핌스, 한켐, 에스켐","덕산테코피아 (317330), 덕산네오룩스 (213420), 이녹스첨단소재 (272290), 피엔에이치테크 (239890), 풍원정밀 (371950), 이엠앤아이 (083470), 핌스 (347770), 한켐 (457370), 에스켐 (475660)"
소재,부품,,,"파인디앤씨, 삼진엘앤디, 위지트","파인디앤씨 (049120), 삼진엘앤디 (054090), 위지트 (036090)"
소재,SMT,,,"한국컴퓨터, 제이엠티","한국컴퓨터 (054040), 제이엠티 (094970)"
장비,포토 ,,,나래나노텍,나래나노텍 (137080)
장비,열처리,,,"비아트론, 예스티","비아트론 (141000), 예스티 (122640)"
장비,식각,,,"포인트엔지니어링, 아이씨디, 인베니아","포인트엔지니어링 (256630), 아이씨디 (040910), 인베니아 (079950)"
장비,세정,,,"DMS, 에프엔에스테크, 디바이스이엔지","DMS (068790), 에프엔에스테크 (083500), 디바이스이엔지"
장비,증착,,,"선익시스템, 야스, 아바코, HB솔루션","선익시스템 (171090), 야스 (255440), 아바코 (083930), HB솔루션 (297890)"
장비,패널,,,"선익시스템, 야스, 아바코, HB솔루션","선익시스템 (171090), 야스 (255440), 아바코 (083930), HB솔루션 (297890)"
장비,패키징,,,"신도기연, 에스에이티이엔지, 파인텍, 디에스케이","신도기연 (290520), 에스에이티이엔지, 파인텍 (131760), 디에스케이 (109740)"
장비,OLED,,,"AP시스템, 케이피에스, 힘스, 동아엘텍, 이엘피","AP시스템 (265520), 케이피에스, 힘스 (238490), 동아엘텍 (088130), 이엘피 (063760)"
장비,검사,,,"디아이티, 에스엔유, 영우디에스피, 소니드, 프로이천, 넥스트아이, 디이엔티","디아이티 (110990), 에스엔유, 영우디에스피 (143540), 소니드, 프로이천 (321260), 넥스트아이 (137940), 디이엔티 (079810)"
장비,기타 ,,,"참엔지니어링, 엔젯","참엔지니어링 (009310), 엔젯 (419080)"
LED,산업용,,,"서울반도체, 서울바이오시스, 금호에이치티, 우리바이오, 루멘스, 클라우드에어, 우리이앤엘, 우리엔터프라이즈","서울반도체 (046890), 서울바이오시스 (092190), 금호에이치티 (214330), 우리바이오 (082850), 루멘스 (038060), 클라우드에어, 우리이앤엘 (153490), 우리엔터프라이즈 (037400)"
LED,일반용,,,"아이엘사이언스, 소룩스, 금호전기 ","아이엘사이언스, 소룩스 (290690), 금호전기 (001210)"
게임,,,,"크래프톤, 넷마블, 엔씨소프트, 시프트업, 펄어비스, 카카오게임즈, 위메이드, 넥슨게임즈, 더블유게임즈, 웹젠, 컴투스, 네오위즈, 데브시스터즈, 위메이드맥스, 넵튠, 피노, 컴투스홀딩스, 고스트스튜디오, 엠게임, 조이시티, 위메이드플레이, 티쓰리, 미투온, 액토즈소프트, 액션스퀘어, 모비릭스, 플레이위드, 썸에이지, 밸로프, 한빛소프트, 네오리진, 스타코링크, 드래곤플라이","크래프톤 (259960), 넷마블 (251270), 엔씨소프트 (036570), 시프트업 (462870), 펄어비스 (263750), 카카오게임즈 (293490), 위메이드 (112040), 넥슨게임즈 (225570), 더블유게임즈 (192080), 웹젠 (069080), 컴투스 (078340), 네오위즈 (095660), 데브시스터즈 (194480), 위메이드맥스 (101730), 넵튠 (217270), 피노 (033790), 컴투스홀딩스 (063080), 고스트스튜디오 (950190), 엠게임 (058630), 조이시티 (067000), 위메이드플레이 (123420), 티쓰리 (204610), 미투온 (201490), 액토즈소프트 (052790), 액션스퀘어, 모비릭스 (348030), 플레이위드 (023770), 썸에이지 (208640), 밸로프 (331520), 한빛소프트 (047080), 네오리진 (094860), 스타코링크 (060240), 드래곤플라이 (030350)"
여행,여행사,,,"하나투어, 모두투어, 노랑풍선, 참좋은여행","하나투어 (039130), 모두투어 (080160), 노랑풍선 (104620), 참좋은여행 (094850)"
여행,호텔,,,"롯데관광개발, 아난티, 서부T&D, 모나용평","롯데관광개발 (032350), 아난티 (025980), 서부T&D (006730), 모나용평 (070960)"
여행,텐트,,,ES큐브,ES큐브 (050120)
카지노,내국인,,,강원랜드,강원랜드 (035250)
카지노,외국인,,,"파라다이스, GKL","파라다이스 (034230), GKL (114090)"
카지노,장비,,,"코텍, 토비스","코텍 (052330), 토비스 (051360)"
스포츠,골프,,,"골프존, KX, 남화산업, 브이씨","골프존 (215000), KX (122450), 남화산업 (111710), 브이씨 (365900)"
스포츠,자전거,,,"삼천리자전거, 알톤","삼천리자전거 (024950), 알톤 (123750)"
스포츠,마케팅,,,갤럭시아에스엠,갤럭시아에스엠 (011420)
음악,,,,"삼익악기, TJ미디어","삼익악기 (002450), TJ미디어 (032540)"
바이오 의약품,항체 치료제,,,"리가켐바이오, 에이비엘바이오, 메드팩토, 앱클론, 와이바이오로직스, 에이비온, 큐리언트, 카이노스메드, 샤페론, 브릿지바이오테라퓨틱스, 압타바이오, 하이퍼코퍼레이션, 압타머사이언스","리가켐바이오 (141080), 에이비엘바이오 (298380), 메드팩토 (235980), 앱클론 (174900), 와이바이오로직스 (338840), 에이비온 (203400), 큐리언트 (115180), 카이노스메드 (284620), 샤페론 (378800), 브릿지바이오테라퓨틱스, 압타바이오 (293780), 하이퍼코퍼레이션 (065650), 압타머사이언스 (291650)"
바이오 의약품,유전자 치료제,,,"툴젠, 박셀바이오, 올릭스, 헬릭스미스, 네오이뮨텍, 유틸렉스, 소마젠, 지니너스, 디엔에이링크, 셀레믹스, 올리패스","툴젠 (199800), 박셀바이오 (323990), 올릭스 (226950), 헬릭스미스 (084990), 네오이뮨텍 (950220), 유틸렉스 (263050), 소마젠 (950200), 지니너스 (389030), 디엔에이링크, 셀레믹스 (331920), 올리패스 (244460)"
바이오 의약품,세포 치료제,,,"코오롱티슈진, 큐로셀, 네이처셀, 메디포스트, 바이오솔루션, 테고사이언스, 안트로젠, 신라젠, 에스바이오메딕스, 바이젠셀, 에스씨엠생명과학","코오롱티슈진 (950160), 큐로셀 (372320), 네이처셀 (007390), 메디포스트 (078160), 바이오솔루션 (086820), 테고사이언스 (191420), 안트로젠 (065660), 신라젠 (215600), 에스바이오메딕스 (304360), 바이젠셀 (308080), 에스씨엠생명과학 (298060)"
바이오 의약품,단백질 의약품,,,"제넥신, 지아이이노베이션, 아이진","제넥신 (095700), 지아이이노베이션 (358570), 아이진 (185490)"
바이오 의약품,백신,,,"SK바이오사이언스, HLB테라퓨틱스, 셀리드, 유바이오로직스, 큐라티스, 차백신연구소","SK바이오사이언스 (302440), HLB테라퓨틱스 (115450), 셀리드 (299660), 유바이오로직스 (206650), 큐라티스 (348080), 차백신연구소 (261780)"
바이오 의약품,희귀 의약품,,,"메지온, 티움바이오","메지온 (140410), 티움바이오 (321550)"
바이오 의약품,약물 전달,,,"알테오젠, 펩트론, 에이프릴바이오, 인벤티직랩","알테오젠 (196170), 펩트론 (087010), 에이프릴바이오 (397030), 인벤티직랩"
바이오 의약품,AI,,,"보로노이, 큐라클, 파로스아이바이오, 지놈앤컴퍼니, 신테카바이오","보로노이 (310210), 큐라클 (365270), 파로스아이바이오 (388870), 지놈앤컴퍼니 (314130), 신테카바이오 (226330)"
바이오 의약품,바이오시밀러,,,"셀트리온, 프레스티지바이오파마, 선바이오","셀트리온 (068270), 프레스티지바이오파마 (950210), 선바이오 (067370)"
바이오 의약품,CRO,,,"코아스템켐온, HLB바이오스텝, 디티앤씨알오, 모비스, 강스템바이오텍, 바이오톡스텍, 드림씨아이에스, 디앤디파마텍, 씨앤알리서치, 현대ADM, 바이오인프라, 우정바이오, 셀비온","코아스템켐온 (166480), HLB바이오스텝 (278650), 디티앤씨알오 (383930), 모비스 (250060), 강스템바이오텍 (217730), 바이오톡스텍 (086040), 드림씨아이에스 (223250), 디앤디파마텍 (347850), 씨앤알리서치, 현대ADM (187660), 바이오인프라 (199730), 우정바이오 (215380), 셀비온 (308430)"
효소,,,,"케어젠, 아미코젠, 고바이오랩, CJ 바이오사이언스, DXVX, 애니젠, 엑셀세라퓨틱스, 제노포커스, 에이치이엠파마","케어젠 (214370), 아미코젠 (092040), 고바이오랩 (348150), CJ 바이오사이언스 (311690), DXVX (180400), 애니젠, 엑셀세라퓨틱스 (373110), 제노포커스, 에이치이엠파마 (376270)"
CMO,,,,"삼성바이오로직스, 에스티팜, 바이넥스, 팬젠, 프레스티지바이오로직스, 진원생명과학, 이엔셀","삼성바이오로직스 (207940), 에스티팜 (237690), 바이넥스 (053030), 팬젠 (222110), 프레스티지바이오로직스 (334970), 진원생명과학 (011000), 이엔셀 (456070)"
보톡스,,,,"휴젤, 메디톡스 ","휴젤 (145020), 메디톡스 (086900)"
교육,학원,,,"메가스터디교육, 메가스터디, 아이비김영, 디지털대성, 크레버스","메가스터디교육 (215200), 메가스터디 (072870), 아이비김영 (339950), 디지털대성 (068930), 크레버스 (096240)"
교육,어학,,,"정상제이엘에스, NE능률, YBM넷, 이퓨쳐, 골드앤에스","정상제이엘에스 (040420), NE능률 (053290), YBM넷 (057030), 이퓨쳐 (134060), 골드앤에스 (035290)"
교육,학습지,,,"웅진씽크빅, 대교, 아이스크림에듀","웅진씽크빅 (095720), 대교 (019680), 아이스크림에듀 (289010)"
교육,전문직,,,"멀티캠퍼스, 메가엠디, 유비온","멀티캠퍼스 (067280), 메가엠디 (133750), 유비온 (084440)"
교육,문구류,,,"양지사, 삼성출판사, 모나미","양지사 (030960), 삼성출판사 (068290), 모나미 (005360)"
교육,도서,,,"비상교육, 예림당","비상교육 (100220), 예림당 (036000)"
교육,장비,,,"로보로보, 에이럭스, 아이스크림미디어","로보로보 (215100), 에이럭스 (475580), 아이스크림미디어 (461300)"
가구,종합,,,"한샘, 현대리바트, 꿈비, 오하임앤컴퍼니, 스튜디오삼익, 에넥스","한샘 (009240), 현대리바트 (079430), 꿈비 (407400), 오하임앤컴퍼니, 스튜디오삼익 (415380), 에넥스 (011090)"
가구,사무용,,,"퍼시스, 코아스","퍼시스 (016800), 코아스 (071950)"
가구,의자,,,"시디즈, 듀오백","시디즈 (134790), 듀오백 (073190)"
가구,침대,,,"지누스, 에이스침대","지누스 (013890), 에이스침대 (003800)"
제지,골판지,원지,,"아세아제지, 신대양제지, 영풍제지, 대림제지","아세아제지 (002310), 신대양제지 (016590), 영풍제지, 대림제지 (017650)"
제지,골판지,원단,,"태림포장, 삼보판지, 대영포장, 한국수출포장, 리더스코스메틱, 한국팩키지","태림포장 (011280), 삼보판지 (023600), 대영포장 (014160), 한국수출포장 (002200), 리더스코스메틱 (016100), 한국팩키지 (037230)"
제지,백판지,펄프,,무림P&P,무림P&P (009580)
제지,백판지,유통,,한솔PNS,한솔PNS
제지,백판지,백판지,,"한솔제지, 한국제지, 신풍, 무림페이퍼, 무림SP, 한창제지","한솔제지 (213500), 한국제지 (027970), 신풍 (002870), 무림페이퍼 (009200), 무림SP (001810), 한창제지 (009460)"
제지,위생용지,,,"모나리자, 깨끗한나라, 삼정펄프","모나리자 (012690), 깨끗한나라 (004540), 삼정펄프 (009770)"
제지,신문용지,,,페이퍼코리아,페이퍼코리아 (001020)
가정용품,렌털,,,"쿠쿠홈시스, 코웨이","쿠쿠홈시스 (284740), 코웨이 (021240)"
가정용품,생활용품,,,"아크솔루션스, 메디앙스, 비비씨, 전진바이오팜, 케이엠제약","아크솔루션스 (203690), 메디앙스 (014100), 비비씨 (318410), 전진바이오팜 (110020), 케이엠제약 (225430)"
가정용품,필터,,,"엔바이오니아, 씨앤투스, 한독크린텍, 피코그램, 크린앤사이언스","엔바이오니아 (317870), 씨앤투스 (352700), 한독크린텍 (256150), 피코그램 (376180), 크린앤사이언스 (045520)"
가정용품,보일러 ,,,경동나비엔,경동나비엔 (009450)
의류,브랜드,,,"휠라홀딩스, F&F, 신세계인터내셔날, 한섬, 신성통상, 더네이쳐홀딩스, 공구우먼, SG세계물산, 대현, 한세엠케이, 메타랩스, 코데즈컴바인, 지엔코, 인디에프, 패션플랫폼, TBH글로벌, 에스티오, 원풍물산, 형지I&C","휠라홀딩스, F&F (383220), 신세계인터내셔날 (031430), 한섬 (020000), 신성통상, 더네이쳐홀딩스 (298540), 공구우먼 (366030), SG세계물산 (004060), 대현 (016090), 한세엠케이 (069640), 메타랩스 (090370), 코데즈컴바인 (047770), 지엔코 (065060), 인디에프 (014990), 패션플랫폼 (225590), TBH글로벌 (084870), 에스티오 (098660), 원풍물산 (008290), 형지I&C (011080)"
의류,OEM,,,"영원무역, 한세실업, 제이에스코퍼레이션, 신원, 노브랜드, 국동, TP, 호전실업, 윌비스, 씨싸이트","영원무역 (111770), 한세실업 (105630), 제이에스코퍼레이션 (194370), 신원 (009270), 노브랜드 (145170), 국동, TP (007980), 호전실업 (111110), 윌비스 (008600), 씨싸이트 (109670)"
의류,언더웨어,,,"폰드그룹, BYC, 신영와코루, 그리티, 비비안, 좋은사람들","폰드그룹 (472850), BYC (001460), 신영와코루 (005800), 그리티 (204020), 비비안 (002070), 좋은사람들 (033340)"
의류,스포츠,,,"에코마케팅, 크리스에프앤씨, 브랜드엑스코퍼레이션, 까스텔바작, 배럴, 감성코퍼레이션","에코마케팅 (230360), 크리스에프앤씨 (110790), 브랜드엑스코퍼레이션, 까스텔바작, 배럴 (267790), 감성코퍼레이션 (036620)"
의류,유통,,,"포니링크, 애머릿지","포니링크 (064800), 애머릿지 (900100)"
의류,기타 ,모피,,진도,진도 (088790)
의류,기타 ,방진복,,케이,케이
의류,기타 ,학생복,,형지엘리트,형지엘리트 (093240)
의류,기타 ,유아,,아가방컴퍼니,아가방컴퍼니 (013990)
잡화,신발,,,"화승엔터프라이즈, 화승인더, 윙스풋, LS네트웍스, 토박스코리아","화승엔터프라이즈 (241590), 화승인더 (006060), 윙스풋 (335870), LS네트웍스 (000680), 토박스코리아 (215480)"
잡화,가방,,,"에스제이그룹, 폴라리스AI, 동인기연","에스제이그룹 (306040), 폴라리스AI (039980), 동인기연 (111380)"
잡화,주얼리,,,"이월드, 제이에스티나","이월드 (084680), 제이에스티나 (026040)"
섬유,,,,"대한방직, 일신방직, 방림, 전방, 성안머티리얼스, 아즈텍WB ","대한방직 (001070), 일신방직 (003200), 방림 (003610), 전방 (000950), 성안머티리얼스 (011300), 아즈텍WB (032080)"
피혁,천연,,,"조광피혁, 삼양통상, 유니켐","조광피혁 (004700), 삼양통상 (002170), 유니켐 (011330)"
피혁,합성,,,"백산, 대원화성, 덕성, 디케이앤디","백산 (035150), 대원화성 (024890), 덕성 (004830), 디케이앤디 (263020)"
부품,카메라 ,모듈,,"LG이노텍, 엠씨넥스, 드림텍, 파트론, 팸텍, 파워로직스, 캠시스, 나무가, 홈캐스트, 코아시아, 덕우전자, 탑엔지니어링, 재영솔루텍, 코아시아씨엠","LG이노텍 (011070), 엠씨넥스 (097520), 드림텍 (192650), 파트론 (091700), 팸텍 (271830), 파워로직스 (047310), 캠시스 (050110), 나무가 (190510), 홈캐스트 (064240), 코아시아 (045970), 덕우전자 (263600), 탑엔지니어링 (065130), 재영솔루텍 (049630), 코아시아씨엠 (196450)"
부품,카메라 ,AF,,"자화전자, 해성옵틱스, 아이엠, 액트로, 하이소닉","자화전자 (033240), 해성옵틱스 (076610), 아이엠 (101390), 액트로 (290740), 하이소닉"
부품,카메라 ,렌즈,,"옵트론텍, 세코닉스, 엘켐텍","옵트론텍 (082210), 세코닉스 (053450), 엘켐텍"
부품,FPCB,,,"시노펙스, 비에이치, 인터플렉스, 디케이티, 뉴프렉스, 이브이첨단소재, 엔피디, 씨유테크, 바이오로그디바이스","시노펙스 (025320), 비에이치 (090460), 인터플렉스 (051370), 디케이티 (290550), 뉴프렉스 (085670), 이브이첨단소재 (131400), 엔피디, 씨유테크 (376290), 바이오로그디바이스"
부품,키패드,,,서원인텍,서원인텍 (093920)
부품,배터리 보호 팩,,,아이티엠반도체,아이티엠반도체 (084850)
부품,케이스,,,"인탑스, 이랜텍","인탑스 (049070), 이랜텍 (054210)"
부품,충전,,,"켐트로닉스, 알에프텍, 위츠","켐트로닉스 (089010), 알에프텍 (061040), 위츠 (459100)"
부품,필름/시트,,,"세경하이테크, 앤디포스, 아모그린텍","세경하이테크 (148150), 앤디포스 (238090), 아모그린텍 (125210)"
부품,커버 글라스,,,"제이앤티씨, 유티아이, 육일씨엔에쓰","제이앤티씨 (204270), 유티아이 (179900), 육일씨엔에쓰 (191410)"
부품,금속,,,"KH바텍, 파인엠텍, 유아이엘, 에스코넥, 성우전자, 에스에이티, 파인테크닉스, 한주에이알티","KH바텍 (060720), 파인엠텍 (441270), 유아이엘 (049520), 에스코넥 (096630), 성우전자 (081580), 에스에이티 (060540), 파인테크닉스 (106240), 한주에이알티 (058450)"
부품,통신,,,"아모텍, 와이솔, 와이팜, 케스피온, 엑스큐어, 쏘닉스","아모텍 (052710), 와이솔 (122990), 와이팜, 케스피온 (079190), 엑스큐어 (070300), 쏘닉스 (088280)"
유통,,,,"SK네트웍스, 케일럼, 퀀타피아, 유라클","SK네트웍스 (001740), 케일럼 (258610), 퀀타피아, 유라클 (088340)"
기타,장비,,,"하이비젼시스템, 뉴온","하이비젼시스템 (126700), 뉴온 (123840)"
기타,액세서리 ,,,"이엠텍, 엑스플러스, 퀀텀온, 블루콤, 슈피겐코리아, 리튬포어스, 휴먼테크놀로지 ","이엠텍 (091120), 엑스플러스 (373200), 퀀텀온 (227100), 블루콤 (033560), 슈피겐코리아 (192440), 리튬포어스 (073570), 휴먼테크놀로지 (175140)"
유통,홈쇼핑,,,"현대홈쇼핑, 케이티알파","현대홈쇼핑 (057050), 케이티알파 (036030)"
유통,면세점,사전 면세점,,"호텔신라, 신세계","호텔신라 (008770), 신세계 (004170)"
유통,면세점,사후 면세점,,JTC,JTC (950170)
유통,면세점,택스 리펀드 ,,글로벌텍스프리,글로벌텍스프리 (204620)
유통,소매점,편의점,,"BGF리테일, GS리테일","BGF리테일 (282330), GS리테일 (007070)"
유통,소매점,복합 쇼핑몰,,"롯데홈쇼핑,  이마트, 신세계, 현대백화점, 경방, 베뉴지, 한화갤러리아, 광주신세계, 대구백화점, 세이브존I&C","롯데홈쇼핑, 이마트 (139480), 신세계 (004170), 현대백화점 (069960), 경방 (000050), 베뉴지 (019010), 한화갤러리아 (452260), 광주신세계 (037710), 대구백화점 (006370), 세이브존I&C (067830)"
유통,무역,,,"삼성물산, 포스코인터내셔널, LX인터내셔널, GS글로벌, 현대코퍼레이션, STX","삼성물산 (028260), 포스코인터내셔널 (047050), LX인터내셔널 (001120), GS글로벌 (001250), 현대코퍼레이션 (011760), STX (011810)"
유통,전자상거래,,,"카페24, 서울옥션, 아이마켓코리아, 밀리의서재, 지어소프트, 그래디언트, 딥마인드, 아이톡시, 케이옥션, 엑시온그룹, 티사이언티픽, 예스24, 현대이지웰, 레뷰코퍼레이션, 플레이그램, 대명소노시즌, 이상네트웍스","카페24 (042000), 서울옥션 (063170), 아이마켓코리아 (122900), 밀리의서재, 지어소프트 (051160), 그래디언트 (035080), 딥마인드, 아이톡시 (052770), 케이옥션 (102370), 엑시온그룹 (069920), 티사이언티픽 (057680), 예스24 (053280), 현대이지웰 (090850), 레뷰코퍼레이션 (443250), 플레이그램 (009810), 대명소노시즌, 이상네트웍스 (080010)"
유통,기타 ,,,"한컴위드, YW, 에코아이","한컴위드 (054920), YW (051390), 에코아이 (448280)"
운수,육상 ,카 셰어링,,쏘카,쏘카 (403550)
운수,육상 ,버스,,"천일고속, 동양고속","천일고속 (000650), 동양고속 (084670)"
운수,육상 ,교통,,"에스트래픽, 에이텍모빌리티, 에스디시스템","에스트래픽 (234300), 에이텍모빌리티 (224110), 에스디시스템 (121890)"
운수,육상 ,컨테이너,,"한진, 세방, KCTC","한진 (002320), 세방 (004360), KCTC (009070)"
운수,육상 ,물류,,"CJ대한통운, 한솔로지스틱스, 태웅로직스, 코웰패션","CJ대한통운 (000120), 한솔로지스틱스 (009180), 태웅로직스 (124560), 코웰패션 (033290)"
운수,육상 ,특수,,"현대글로비스, 한익스프레스, 유성티엔에스, 삼일","현대글로비스 (086280), 한익스프레스 (014130), 유성티엔에스 (024800), 삼일 (032280)"
운수,육상 ,항만,,"동방, 서호전기, 선광, 인터지스, 케이엘넷, 토탈소프트","동방 (004140), 서호전기 (065710), 선광 (003100), 인터지스 (129260), 케이엘넷 (039420), 토탈소프트 (045340)"
운수,항공,항공 보조,,한국공항,한국공항 (005430)
운수,항공,FSC,,"대한항공, 아시아나항공","대한항공 (003490), 아시아나항공 (020560)"
운수,항공,LCC,,"진에어, 제주항공, 에어부산, 티웨이항공","진에어 (272450), 제주항공 (089590), 에어부산 (298690), 티웨이항공 (091810)"
운수,해운,컨테이너선,,HMM ,HMM (011200)
운수,해운,벌크선,,"팬오션, 대한해운, STX그린로지스","팬오션 (028670), 대한해운 (005880), STX그린로지스 (465770)"
운수,해운,가스선/케미컬선,,"KSS해운, 흥아해운, 와이엔텍","KSS해운 (044450), 흥아해운 (003280), 와이엔텍 (067900)"
음료,음료,,,"동서, 롯데칠성, 매일유업, 남양유업, 한국맥널티","동서 (026960), 롯데칠성 (005300), 매일유업 (267980), 남양유업 (003920), 한국맥널티 (222980)"
음료,술,주정,,"풍국주정, 진로발효, 창해에탄올, MH에탄올","풍국주정 (023900), 진로발효 (018120), 창해에탄올 (004650), MH에탄올 (023150)"
음료,술,주류,,"하이트진로, 무학, 국순당, 제주맥주, 보해양조, 나라셀라","하이트진로 (000080), 무학 (033920), 국순당 (043650), 제주맥주, 보해양조 (000890), 나라셀라 (405920)"
식료품,소재,죽염,,인산가,인산가 (277410)
식료품,소재,제당,,대한제당,대한제당 (001790)
식료품,소재,장류,,"대상, 샘표식품","대상 (001680), 샘표식품 (248170)"
식료품,소재,제분,,"삼양사, 대한제분, 사조동아원","삼양사 (145990), 대한제분 (001130), 사조동아원 (008040)"
식료품,소재,첨가물,,"엠에스씨, 보락, 에스앤디, 네오크레마","엠에스씨 (009780), 보락 (002760), 에스앤디 (260970), 네오크레마 (311390)"
식료품,생육,참치,,"동원산업, 동원F&B, 사조산업, 신라교역, 사조씨푸드, 동원수산","동원산업 (006040), 동원F&B, 사조산업 (007160), 신라교역 (004970), 사조씨푸드 (014710), 동원수산 (030720)"
식료품,생육,수산물,,"사조대림, CJ씨푸드, 사조오양, 한성기업","사조대림 (003960), CJ씨푸드 (011150), 사조오양 (006090), 한성기업 (003680)"
식료품,생육,육류,오리,정다운,정다운 (208140)
식료품,생육,육류,축육,신라에스지,신라에스지 (025870)
식료품,생육,육류,돈육,"팜스토리, 선진, 팜스코, 우리손에프앤지","팜스토리 (027710), 선진 (136490), 팜스코 (036580), 우리손에프앤지 (073560)"
식료품,생육,육류,육계,"하림, 마니커, 동우팜투테이블, 마니커에프앤지, 체리부로 ","하림 (136480), 마니커 (027740), 동우팜투테이블 (088910), 마니커에프앤지 (195500), 체리부로 (066360)"
식료품,사료,,,"한일사료, 선진, 팜스토리, 이지바이오, 미래생명자원, 팜스코, 고려산업, 케이씨피드, 우성, 대주산업, 한탑, 오에스피","한일사료 (005860), 선진 (136490), 팜스토리 (027710), 이지바이오 (353810), 미래생명자원 (218150), 팜스코 (036580), 고려산업 (002140), 케이씨피드 (025880), 우성 (006980), 대주산업 (003310), 한탑 (002680), 오에스피 (368970)"
식료품,종자,,,"농우바이오, 아시아종묘","농우바이오 (054050), 아시아종묘 (154030)"
식료품,식재료,,,"CJ제일제당, 풀무원, 우듬지팜","CJ제일제당 (097950), 풀무원 (017810), 우듬지팜 (403490)"
기호식품,스낵,빙과,,빙그레,빙그레 (005180)
기호식품,스낵,제빵,,"SPC삼립, 서울식품, 조흥","SPC삼립 (005610), 서울식품 (004410), 조흥 (002600)"
기호식품,스낵,제과,,"롯데웰푸드, 오리온, 해태제과식품, 크라운제과","롯데웰푸드 (280360), 오리온 (271560), 해태제과식품 (101530), 크라운제과 (264900)"
기호식품,라면,,,"농심, 삼양식품, 오뚜기","농심 (004370), 삼양식품 (003230), 오뚜기 (007310)"
기호식품,담배,,,"KT&G, 이엠텍","KT&G (033780), 이엠텍 (091120)"
포장류,포장재,,,"동원시스템즈, 율촌화학, 삼영, 삼양패키징, 세림B&G, 원림","동원시스템즈 (014820), 율촌화학 (008730), 삼영 (003720), 삼양패키징 (272550), 세림B&G (340440), 원림 (005820)"
포장류,우유팩,,,삼륭물산,삼륭물산 (014970)
포장류,병뚜껑,,,"삼화양관, 금비","삼화양관, 금비 (008870)"
유통,위탁식당,,,현대그린푸드,현대그린푸드 (453340)
유통,외식,,,"교촌에프앤비, 디딤이앤에프, 씨티프라퍼티, 더본코리아","교촌에프앤비 (339770), 디딤이앤에프, 씨티프라퍼티, 더본코리아 (475560)"
유통,식자재 ,,,"HLB글로벌, CJ프레시웨이, 신세계푸드, 흥국에프엔비, 우양, 보라티알, 한국가구, 푸드나무, 푸드웰","HLB글로벌 (003580), CJ프레시웨이 (051500), 신세계푸드 (031440), 흥국에프엔비 (189980), 우양 (103840), 보라티알 (250000), 한국가구 (004590), 푸드나무 (290720), 푸드웰 (005670)"
기기,진단,,,"HLB, 씨젠, 에스디바이오센서, 바이오니아, 바이오다인, 퓨처켐, 지씨셀, 아이센스, 바이오노트, 지노믹트리, 바디텍메드, 마이크로디지탈, 랩지노믹스, 아이엠비디엑스, 엑세스바이오, 인트론바이오, 휴마시스, 마크로젠, 오상헬스케어, 싸이토젠, 퀀타매트릭스, HLB파나진, 테라젠이텍스, 나노엔텍, 수젠텍, 노을, 아스타, 녹십자엠에스, 피플바이오, 미코바이오메드, 진매트릭스, 피씨엘, 제놀루션, 진시스템, 프리시젼바이오, 엔젠바이오, 젠큐릭스, 프로티아, 유투바이오, 클리노믹스, 세니젠, 쓰리빌리언","HLB (028300), 씨젠 (096530), 에스디바이오센서 (137310), 바이오니아 (064550), 바이오다인 (314930), 퓨처켐, 지씨셀 (144510), 아이센스 (099190), 바이오노트 (377740), 지노믹트리 (228760), 바디텍메드 (206640), 마이크로디지탈 (305090), 랩지노믹스 (084650), 아이엠비디엑스 (461030), 엑세스바이오 (950130), 인트론바이오 (048530), 휴마시스 (205470), 마크로젠 (038290), 오상헬스케어 (036220), 싸이토젠 (217330), 퀀타매트릭스 (317690), HLB파나진 (046210), 테라젠이텍스 (066700), 나노엔텍 (039860), 수젠텍 (253840), 노을 (376930), 아스타 (246720), 녹십자엠에스 (142280), 피플바이오 (304840), 미코바이오메드, 진매트릭스 (109820), 피씨엘 (241820), 제놀루션 (225220), 진시스템 (363250), 프리시젼바이오 (335810), 엔젠바이오 (354200), 젠큐릭스 (229000), 프로티아 (303360), 유투바이오 (221800), 클리노믹스, 세니젠 (188260), 쓰리빌리언 (394800)"
기기,영상,,,"뷰웍스, 레이언스, 제노레이, 피제이전자, 디알텍, 디알젬","뷰웍스 (100120), 레이언스 (228850), 제노레이 (122310), 피제이전자 (006140), 디알텍 (214680), 디알젬 (263690)"
기기,치료,,,"큐렉소, 플라즈맵, 멕아이씨에스, 리메드, 알파녹스, 비스토스, 메디아나, 원익, 씨유메디칼, 네오펙트, 넥스트바이오메디컬","큐렉소 (060280), 플라즈맵 (405000), 멕아이씨에스 (058110), 리메드 (302550), 알파녹스, 비스토스 (419540), 메디아나 (041920), 원익 (032940), 씨유메디칼 (115480), 네오펙트 (290660), 넥스트바이오메디컬 (389650)"
기기,미용,,,"클래시스, 파마리서치, 에이피알, 원텍, 비올, 한국비엔씨, 제테마, 바이오플러스, 하이로닉, 라메디텍, 레이저옵텍, 서울리거","클래시스 (214150), 파마리서치 (214450), 에이피알 (278470), 원텍 (336570), 비올 (335890), 한국비엔씨 (256840), 제테마 (216080), 바이오플러스 (099430), 하이로닉 (149980), 라메디텍 (462510), 레이저옵텍 (199550), 서울리거 (043710)"
기기,실험,,,"대한과학, 제더블유바이텍, 일신바이오, 토모큐브","대한과학 (131220), 제더블유바이텍, 일신바이오 (068330), 토모큐브 (475960)"
기기,안과,,,휴비츠,휴비츠 (065510)
기기,헬스케어,,,"인바디, 셀바스헬스케어, 씨어스테크놀로지","인바디 (041830), 셀바스헬스케어 (208370), 씨어스테크놀로지 (458870)"
기기,기타 ,,,큐리옥스바이오시스템즈,큐리옥스바이오시스템즈 (445680)
용품,치과,장비,,"바텍, 레이","바텍 (043150), 레이 (228670)"
용품,치과,임플란트,,"덴티움, 디오, 덴티스","덴티움 (145720), 디오 (039840), 덴티스 (261200)"
용품,치과,소재 ,,"오스코텍, 나이벡, 신흥, 석경에이티, 메타바이오메드, 하스","오스코텍 (039200), 나이벡 (138610), 신흥 (004080), 석경에이티 (357550), 메타바이오메드 (059210), 하스 (450330)"
용품,치료,,,"티앤엘, 엔앤씨바이오, 엠아이텍, 티앤알바이오팹, 엘앤케이바이오, 시지메드텍, 세운메디칼, 코렌텍, 오스테오닉, 한스바이오메드, 원아비오젠, SCL사이언스, 시너지이노베이션","티앤엘 (340570), 엔앤씨바이오, 엠아이텍 (179290), 티앤알바이오팹 (246710), 엘앤케이바이오 (156100), 시지메드텍 (056090), 세운메디칼 (100700), 코렌텍 (104540), 오스테오닉 (226400), 한스바이오메드 (042520), 원아비오젠, SCL사이언스 (246960), 시너지이노베이션 (048870)"
용품,기타 ,,,"이오플로우, 한컴라이프케어, 서린바이오, 오리엔트바이오, 휴엠앤씨, 아이빔테크놀로지","이오플로우 (294090), 한컴라이프케어 (372910), 서린바이오 (038070), 오리엔트바이오 (002630), 휴엠앤씨 (263920), 아이빔테크놀로지 (460470)"
솔루션,,,,"루닛, 뷰노, 딥노이드, 제이엘케이, 제이브이엠, 유비케어, 이지케어텍, 코어라인소프트, 인피티트헬스케어, 케어랩스, 비트컴퓨터, 얼라인드, 라이프시맨틱스","루닛 (328130), 뷰노 (338220), 딥노이드 (315640), 제이엘케이 (322510), 제이브이엠 (054950), 유비케어 (032620), 이지케어텍 (099750), 코어라인소프트 (384470), 인피티트헬스케어, 케어랩스 (263700), 비트컴퓨터 (032850), 얼라인드 (238120), 라이프시맨틱스"
병원,,,,차바이오텍,차바이오텍 (085660)
전문의약품,,,,"유한양행, SK바이오팜, 한미약품, 삼천당제약, 셀트리온제약, 한올바이오파마, 녹십자, 대웅제약, 종근당, SK이노엔, HLB제약, 동국제약, 보령, 신풍제약, 동아에스티, 영진약품, 에이프로젠, 일동제약, 휴메딕스, 부광약품, 유나이티드제약, 휴온스, 대원제약, 광동제약, CMG제약, 삼일제약, 삼진제약, 일양약품, 이연제약, 환인제약, 일성아이에스, 이수앱시스, 제일약품, 하나제약, 에이프로젠바이오로직스, 경동제약, 한독, 대화제약, 한국파마, 비보존 제약, CG인바이츠, 동구바이오제약, 삼성제약, 삼아제약, 대한뉴팜, 동성제약, 국제약품, 옵투스제약, 위더스제약, 안국약품, 팜젠사이언스, 신일제약, 지엘팜텍, JW신약, 유유제약, AP헬스케어, 명문제약, 진양제약, 알리코제약, 메타케어, 고려제약, 조아제약, 더블유에스아이, 비씨월드제약, 서울제약, 한국유니온제약","유한양행 (000100), SK바이오팜 (326030), 한미약품 (128940), 삼천당제약 (000250), 셀트리온제약 (068760), 한올바이오파마 (009420), 녹십자 (006280), 대웅제약 (069620), 종근당 (185750), SK이노엔, HLB제약 (047920), 동국제약 (086450), 보령 (003850), 신풍제약 (019170), 동아에스티 (170900), 영진약품 (003520), 에이프로젠 (007460), 일동제약 (249420), 휴메딕스 (200670), 부광약품 (003000), 유나이티드제약 (033270), 휴온스 (243070), 대원제약 (003220), 광동제약 (009290), CMG제약 (058820), 삼일제약 (000520), 삼진제약 (005500), 일양약품 (007570), 이연제약 (102460), 환인제약 (016580), 일성아이에스 (003120), 이수앱시스, 제일약품 (271980), 하나제약 (293480), 에이프로젠바이오로직스 (003060), 경동제약 (011040), 한독 (002390), 대화제약 (067080), 한국파마 (032300), 비보존 제약 (082800), CG인바이츠 (083790), 동구바이오제약 (006620), 삼성제약 (001360), 삼아제약 (009300), 대한뉴팜 (054670), 동성제약 (002210), 국제약품 (002720), 옵투스제약 (131030), 위더스제약 (330350), 안국약품 (001540), 팜젠사이언스 (004720), 신일제약 (012790), 지엘팜텍 (204840), JW신약 (067290), 유유제약 (000220), AP헬스케어, 명문제약 (017180), 진양제약 (007370), 알리코제약 (260660), 메타케어 (118000), 고려제약 (014570), 조아제약 (034940), 더블유에스아이 (299170), 비씨월드제약 (200780), 서울제약 (018680), 한국유니온제약 (080720)"
일반의약품,,,,"경남제약, 빌리언스, 동화약품, 현대약품, 신신제약, 티디에스팜","경남제약 (053950), 빌리언스 (044480), 동화약품 (000020), 현대약품 (004310), 신신제약 (002800), 티디에스팜 (464280)"
원료의약품,,,,"파미셀, 코오롱생명과학, 국전약품, 경보제약, 종근당바이오, 하이텍팜, 엔지켐생명과학, 바이오에프디엔씨, 화일약품, 대정화금, 아미노로직스, 폴라이스AI파마, 그린생명과학","파미셀 (005690), 코오롱생명과학 (102940), 국전약품 (307750), 경보제약 (214390), 종근당바이오 (063160), 하이텍팜 (106190), 엔지켐생명과학 (183490), 바이오에프디엔씨 (251120), 화일약품 (061250), 대정화금 (120240), 아미노로직스 (074430), 폴라이스AI파마, 그린생명과학 (114450)"
분야,동물용,,,"중앙백신, 이글벳, 코미팜, 씨티씨바이오, 우진비앤지, 옵티팜, 대성미생물, 진바이오텍, 애드바이오텍","중앙백신 (072020), 이글벳 (044960), 코미팜 (041960), 씨티씨바이오 (060590), 우진비앤지 (018620), 옵티팜 (153710), 대성미생물 (036480), 진바이오텍 (086060), 애드바이오텍 (179530)"
분야,주사제,,,"JW중외제약, JW생명과학, 대한약품, 녹십자웰빙","JW중외제약 (001060), JW생명과학 (234080), 대한약품 (023910), 녹십자웰빙 (234690)"
분야,패치제,,,아이큐어,아이큐어 (175250)
분야,유통,,,"블루엠텍, 모아라이프플러스, HLB생명과학, 케이바이오","블루엠텍 (439580), 모아라이프플러스 (142760), HLB생명과학 (067630), 케이바이오 (038530)"
분야,기타 ,,,에스엘에스바이오,에스엘에스바이오 (246250)
종합,,,,"LG화학, 롯데케미칼, 대한유화","LG화학 (051910), 롯데케미칼 (011170), 대한유화 (006650)"
정유,,,,"SK이노베이션, S-OIL","SK이노베이션 (096770), S-OIL"
에틸렌,EDC,VCM,PVC,케이디켐,케이디켐 (221980)
에틸렌,아세트알데히드,초산에틸,,한국알콜,한국알콜 (017890)
에틸렌,아세트알데히드,초산에틸,초상/용제,롯데정밀화학,롯데정밀화학 (004000)
프로필렌,AN,,,태광산업,태광산업 (003240)
프로필렌,ECH,,,롯데정밀화학,롯데정밀화학 (004000)
프로필렌,PO,,,"SKC, S-OIL","SKC (011790), S-OIL"
프로필렌,PO,PPG,,KPX케미칼,KPX케미칼 (025000)
프로필렌,PO,PPG,PU 폼,"진양산업, 진양폴리, S&K폴리텍","진양산업 (003780), 진양폴리 (010640), S&K폴리텍 (091340)"
프로필렌,PO,PG,,SKC,SKC (011790)
C4혼합물,부타디엠,"BR, SBR, NBR, SB-라텍스",,금호석유,금호석유
C5혼합물,MMA,,,롯데정밀화학,롯데정밀화학 (004000)
제품,PVC,,,"한국석유, 진양화학, SH에너지화학, 영보화학, 코오롱ENP, 에스폴리텍, 세우글로벌, WISCOM, 웹스, 엔피케이, 진영, 원풍, 스타플렉스, 케이디켐, 금양","한국석유 (004090), 진양화학 (051630), SH에너지화학 (002360), 영보화학 (014440), 코오롱ENP (138490), 에스폴리텍 (050760), 세우글로벌 (013000), WISCOM (024070), 웹스 (196700), 엔피케이 (048830), 진영 (285800), 원풍 (008370), 스타플렉스 (115570), 케이디켐 (221980), 금양 (001570)"
제품,PU 폼,,,"진양산업, 진양폴리, S&K폴리텍","진양산업 (003780), 진양폴리 (010640), S&K폴리텍 (091340)"
제품,비료,,,"KG케미칼, 남해화학, 조비, 효성오앤비, 경농, 성보화학, 동방아그로, 인바이오, 누보","KG케미칼 (001390), 남해화학 (025860), 조비 (001550), 효성오앤비 (097870), 경농 (002100), 성보화학, 동방아그로 (007590), 인바이오 (352940), 누보 (332290)"
제품,윤활유,,,"한국쉘석유, 미창석유, 극동유화","한국쉘석유 (002960), 미창석유 (003650), 극동유화 (014530)"
정밀화학,PI 필름,,,PI첨단소재,PI첨단소재 (178920)
정밀화학,가성소다,,,"롯데정밀화학, 백광산업","롯데정밀화학 (004000), 백광산업"
정밀화학,가성칼륨,,,"롯데정밀화학, 유니드","롯데정밀화학 (004000), 유니드 (014830)"
정밀화학,실리콘,,,"KCC, KBG, HRS","KCC (002380), KBG (318000), HRS (036640)"
정밀화학,기능성,탄산가스,,태경케미컬,태경케미컬 (006890)
정밀화학,기능성,접착 소재,,"미원에스씨, 아셈스, 오공, 예선테크","미원에스씨 (268280), 아셈스 (136410), 오공 (045060), 예선테크 (250930)"
정밀화학,기능성,소재 ,,"쎄노텍, 나노브릭, 미원상사, 이수스페셜티케미컬","쎄노텍 (222420), 나노브릭, 미원상사 (002840), 이수스페셜티케미컬 (457190)"
정밀화학,기능성,계면활성제,,"이수화학, 한농화성, 동남합성, 그린케미칼, 미원화학, KCI, 제이엠아이","이수화학 (005950), 한농화성 (011500), 동남합성 (023450), 그린케미칼 (083420), 미원화학 (134380), KCI, 제이엠아이 (033050)"
정밀화학,기능성,"안료, 염료",,"경인양행, 나노씨엠에스, 씨큐브, 이화산업","경인양행 (012610), 나노씨엠에스 (247660), 씨큐브 (101240), 이화산업 (000760)"
유통 ,,,,"NPC, 원익큐브, 와이오엔, 중앙에너비스, 흥구석유, 위즈코프, 세기상사, 대성산업, 바이온 ","NPC (004250), 원익큐브 (014190), 와이오엔, 중앙에너비스 (000440), 흥구석유 (024060), 위즈코프 (038620), 세기상사 (002420), 대성산업 (128820), 바이온 (032980)"
